roi_index	roi_name	n	bic_1g	bic_2g	kept_2g	w	mu_non	sd_non	mu_path	sd_path
1	tau.SUVR.Schaefer200.ROI.idx.1	267	178.8271640306662	-125.372232073811	1	0.8281606519443984	1.1893965061416276	0.10021848250025422	1.754908874050734	0.5702235923867178
2	tau.SUVR.Schaefer200.ROI.idx.2	267	68.70191339447757	-143.82464974350725	1	0.8738810055368444	1.0666669771319461	0.116009400233732	1.4400500742755253	0.600643630821129
3	tau.SUVR.Schaefer200.ROI.idx.3	267	-234.59127948668618	-347.82396645718063	1	0.865568556099126	1.0820923897716057	0.08413359115149649	1.2464586949425487	0.32330470041474607
4	tau.SUVR.Schaefer200.ROI.idx.4	267	195.7083247105012	-77.55187588575328	1	0.8372525322379327	1.0981677159140166	0.11328443192274118	1.6148552478487426	0.6546214403840385
5	tau.SUVR.Schaefer200.ROI.idx.5	267	316.7966917717112	24.07138933627476	1	0.8013925831118155	1.1331182300948164	0.12348573745396144	1.7958947454657173	0.7158977775634
6	tau.SUVR.Schaefer200.ROI.idx.6	267	269.662608814644	-39.221761846808874	1	0.8049541191530146	1.1206691480402846	0.10877895360540953	1.7443683133049708	0.654535404963747
7	tau.SUVR.Schaefer200.ROI.idx.7	267	164.32182369713004	-127.20162352426809	1	0.8143731566936165	1.1639851714011915	0.09718151643603576	1.7664515373612204	0.47192980476400465
8	tau.SUVR.Schaefer200.ROI.idx.8	267	-84.01089207244826	-313.18088328939905	1	0.9076156488537527	1.103544979190631	0.09134844860761397	1.606977945253207	0.3629037069381035
9	tau.SUVR.Schaefer200.ROI.idx.9	267	-138.36230765164547	-249.34799605731976	1	0.8854366082602304	1.0321190684543042	0.10642467658216312	1.3698810983559089	0.32148969033371405
10	tau.SUVR.Schaefer200.ROI.idx.10	267	-159.6074831126752	-358.35341265034947	1	0.9145223545778121	1.0898912445403248	0.08725673038104591	1.4794333850461974	0.3756052615732047
11	tau.SUVR.Schaefer200.ROI.idx.11	267	4.621685633311124	-259.99792216895224	1	0.8600108146227334	1.1087313151363554	0.08715239913496156	1.5530283126058204	0.43780615766960373
12	tau.SUVR.Schaefer200.ROI.idx.12	267	79.53198300147952	-162.17499200933088	1	0.8583606998888571	1.0563439333750044	0.10632580402791388	1.5208955316455768	0.5293674335114139
13	tau.SUVR.Schaefer200.ROI.idx.13	267	-199.6433981473148	-312.95020457848415	1	0.8937244371843776	1.10163748612876	0.09574179531157166	1.4009086416836805	0.30497063489601783
14	tau.SUVR.Schaefer200.ROI.idx.14	267	-117.00728744338657	-256.69111680753707	1	0.9250817031885104	0.9223825608862926	0.11089295122741981	1.3757031759951177	0.3762942696931838
15	tau.SUVR.Schaefer200.ROI.idx.15	267	-316.5094174194111	-387.10716644770554	1	0.9344066900041399	0.9366915632533453	0.09242296541843745	1.171982789945365	0.2969834772295501
16	tau.SUVR.Schaefer200.ROI.idx.16	267	-308.2244144787588	-378.442277376351	1	0.9030727733837831	0.928904534706153	0.08867020316265377	1.1240232838851187	0.27383588666548536
17	tau.SUVR.Schaefer200.ROI.idx.17	267	-169.62064512968848	-267.5475948151878	1	0.9502417142113959	0.9329217000351971	0.11637992763777047	1.4230067221817642	0.3330840735011555
18	tau.SUVR.Schaefer200.ROI.idx.18	267	-106.64873100515865	-320.675641675478	1	0.9196114682740242	0.9754825101159622	0.09338410196005302	1.4215310879382332	0.43097974838136516
19	tau.SUVR.Schaefer200.ROI.idx.19	267	-316.87523495688833	-355.1409755787077	1	0.9301302839393123	0.9554180757463687	0.10004160046742232	1.1551624333300645	0.27371804007599865
20	tau.SUVR.Schaefer200.ROI.idx.20	267	-306.8234311330297	-329.88464596391253	1	0.9107501768072458	0.9365922909475705	0.10390649706267281	1.0907930523659277	0.25989415492944257
21	tau.SUVR.Schaefer200.ROI.idx.21	267	-105.70250264260416	-314.4627448127111	1	0.9152663628476091	1.0342478720391817	0.09355465210435934	1.4251232535131124	0.4600484968349085
22	tau.SUVR.Schaefer200.ROI.idx.22	267	-122.36525198768219	-343.5568731396172	1	0.9221132935056437	1.051094350574155	0.08995568686540774	1.4691561242121374	0.445994302678088
23	tau.SUVR.Schaefer200.ROI.idx.23	267	-235.90426471592758	-367.1896208784794	1	0.8960904393906265	1.0999272491548746	0.08542375815361182	1.3536131576582344	0.3205403910596256
24	tau.SUVR.Schaefer200.ROI.idx.24	267	-192.05275622114314	-350.94023147457165	1	0.9541047581057851	1.0601379357902012	0.09672699088563227	1.6675765819267485	0.2222062054163815
25	tau.SUVR.Schaefer200.ROI.idx.25	267	108.67149943602426	-179.85905530887914	1	0.8910611774819985	1.1285158727484108	0.10951558593369744	1.7933071634033033	0.5314371014459924
26	tau.SUVR.Schaefer200.ROI.idx.26	267	-74.29955979198087	-302.8839381765176	1	0.8893587649136078	1.1229900552474685	0.08912460992051385	1.5347861645394514	0.41176855388763767
27	tau.SUVR.Schaefer200.ROI.idx.27	267	-320.40532206373456	-399.5550112585229	1	0.9690905345585937	1.0168388297454387	0.09493497578145645	1.5001801530966379	0.19536046594368264
28	tau.SUVR.Schaefer200.ROI.idx.28	267	-234.43507267353516	-358.5554700156614	1	0.920523370579853	0.9745617778673603	0.09141412847249131	1.321876338949729	0.29289742445068556
29	tau.SUVR.Schaefer200.ROI.idx.29	267	302.42416327949235	19.68799326436624	1	0.7222209681058188	1.2297752928320402	0.09908948239229916	1.8539733305662833	0.5661288403762498
30	tau.SUVR.Schaefer200.ROI.idx.30	267	339.50884805599446	2.508737634043829	1	0.7880447735380957	1.2318059987733867	0.10980281339379654	1.9625288059150148	0.6922337884546718
31	tau.SUVR.Schaefer200.ROI.idx.31	267	285.56588112170226	-48.254098786795595	1	0.7768350074182301	1.1733921379505299	0.09625176809916731	1.772941812810622	0.64938034097987
32	tau.SUVR.Schaefer200.ROI.idx.32	267	247.30566952293944	-53.7871178631964	1	0.8301659829019247	1.186400479918046	0.11577977523520068	1.9027326646215772	0.5859094624997337
33	tau.SUVR.Schaefer200.ROI.idx.33	267	125.14876531606835	-93.01525850733336	1	0.8167119894360424	1.0411837381793299	0.10980052971956178	1.505532278906165	0.5096135645401749
34	tau.SUVR.Schaefer200.ROI.idx.34	267	107.14125244139392	-121.8661480270354	1	0.8597285270383203	1.0292388970686157	0.11563393817878152	1.5934128217094654	0.4922723176175678
35	tau.SUVR.Schaefer200.ROI.idx.35	267	1.5616092787036937	-253.28364863451807	1	0.8910547837707183	1.088893957457528	0.09686911308138846	1.63453167675117	0.41997943213769273
36	tau.SUVR.Schaefer200.ROI.idx.36	267	47.533008695608665	-234.39679432622384	1	0.8967275038345615	1.100410305688776	0.09963146741963416	1.7251727820368241	0.4619923296324459
37	tau.SUVR.Schaefer200.ROI.idx.37	267	14.375630950340998	-208.31305812765814	1	0.9029101462678623	0.9882773110559667	0.11013301233863167	1.5507107885670652	0.460325153770903
38	tau.SUVR.Schaefer200.ROI.idx.38	267	-39.37399783972052	-212.3557229823232	1	0.890414702146659	0.988266748353062	0.10858930336341403	1.3960409799527793	0.4452649400270197
39	tau.SUVR.Schaefer200.ROI.idx.39	267	90.68856131835457	-216.43526880264744	1	0.8971164210231791	1.0925042862541297	0.10243985858543753	1.8004844584462827	0.47468755936079665
40	tau.SUVR.Schaefer200.ROI.idx.40	267	44.16985832121205	-207.68394527738428	1	0.8937468850076176	1.0897540295668884	0.10597093265504451	1.7033504613051726	0.4388210151664339
41	tau.SUVR.Schaefer200.ROI.idx.41	267	-206.02173247672314	-267.5913167927237	1	0.7896606158699164	1.1073111357850878	0.09439660918525002	1.3083190241398055	0.2409192680180094
42	tau.SUVR.Schaefer200.ROI.idx.42	267	-128.46224424908402	-254.7343468510385	1	0.9040598910992491	1.1942299807854337	0.10800448683049299	1.51883539073605	0.3956725128287471
43	tau.SUVR.Schaefer200.ROI.idx.43	267	-104.68120644026631	-307.24906357508087	1	0.9508140758839548	1.0900060245812497	0.10305716029120585	1.8025809672247144	0.28847982855910237
44	tau.SUVR.Schaefer200.ROI.idx.44	267	-66.54205292114692	-256.02927794892844	1	0.9096728528975341	1.115804908515243	0.10426122320279672	1.5980631273890653	0.40430085297495794
45	tau.SUVR.Schaefer200.ROI.idx.45	267	-111.14389373150951	-278.79471622008504	1	0.9000766528904587	1.1023755726301183	0.09885855273238843	1.4686084394794312	0.40228818815322737
46	tau.SUVR.Schaefer200.ROI.idx.46	267	-69.91710895349468	-251.79287851905215	1	0.9018305493513449	0.9844389054423037	0.1032102868783287	1.388010461133187	0.4421042018283005
47	tau.SUVR.Schaefer200.ROI.idx.47	267	179.49990463562855	-85.3927142886416	1	0.8407841837535621	1.0729263461565197	0.11530517681150938	1.7097969376094042	0.5287048629343833
48	tau.SUVR.Schaefer200.ROI.idx.48	267	14.810030228224223	-215.60129669842846	1	0.897169264529854	1.1191962123622423	0.10662120775755687	1.6433553320144805	0.4811531315113841
49	tau.SUVR.Schaefer200.ROI.idx.49	267	-80.30952990999637	-226.6596117389328	1	0.8615758412800533	1.1808473992510866	0.10226984457061256	1.5062881014888945	0.37936157191465075
50	tau.SUVR.Schaefer200.ROI.idx.50	267	-160.10463146057015	-275.41362798621185	1	0.9268041475404055	1.0922463227929078	0.10902664009622258	1.3797123053619023	0.44051455872142775
51	tau.SUVR.Schaefer200.ROI.idx.51	267	-74.47912024091221	-207.32439269168927	1	0.9305996046712648	1.1965058448672377	0.12410404722241329	1.690595757602422	0.42239293771500397
52	tau.SUVR.Schaefer200.ROI.idx.52	267	-117.39079926744797	-242.45487902920328	1	0.9399910043349281	1.1822720630947374	0.11954032929298103	1.552669660738361	0.500016480210186
53	tau.SUVR.Schaefer200.ROI.idx.53	267	85.72460928767542	-10.342116834847449	1	0.5516740715551578	1.1393391468954093	0.090743496718861	1.4691357286494124	0.32019274230611866
54	tau.SUVR.Schaefer200.ROI.idx.54	267	227.88254169721057	28.673626001547113	1	0.6550702633760594	1.2170183860193888	0.09484641669160779	1.691827032740706	0.46629142573286947
55	tau.SUVR.Schaefer200.ROI.idx.55	267	26.959821677972904	-78.07166115205715	1	0.6376181300322347	1.079657698520411	0.09416244674037232	1.3910761859848206	0.3065458327603425
56	tau.SUVR.Schaefer200.ROI.idx.56	267	-138.7361752190597	-199.65141910769265	1	0.9138351316516669	1.124056450781181	0.12903119703715502	1.4299123826222155	0.35427419706113417
57	tau.SUVR.Schaefer200.ROI.idx.57	267	319.00968862694367	9.447044787484632	1	0.7877563754076994	1.2049789510341515	0.11334037281461645	1.8816749885085085	0.6821854335545428
58	tau.SUVR.Schaefer200.ROI.idx.58	267	216.63700254344658	-67.19025981790301	1	0.8009458654855476	1.1203192898731362	0.105085594593217	1.7338397353294246	0.5376339187997502
59	tau.SUVR.Schaefer200.ROI.idx.59	267	181.72311480795452	-112.18797275088556	1	0.850594924397868	1.0818294324106064	0.11019964270451271	1.7255320633316882	0.5662979777994841
60	tau.SUVR.Schaefer200.ROI.idx.60	267	135.80793721183565	-130.6896321060645	1	0.8574301054456914	1.0981956653968772	0.1108992416663299	1.716573148040095	0.503119409582795
61	tau.SUVR.Schaefer200.ROI.idx.61	267	86.31957185447729	-179.85205144822177	1	0.8515327829564874	1.0261821992296443	0.09837407841535635	1.5249708024758208	0.5051570529855065
62	tau.SUVR.Schaefer200.ROI.idx.62	267	-50.76929962344745	-253.96863756942165	1	0.8711016605189524	1.1145641868975082	0.09495623910018086	1.4913951991508445	0.4189828907058694
63	tau.SUVR.Schaefer200.ROI.idx.63	267	30.096824269004166	-207.30672463669123	1	0.9122231719244954	1.1274076559064818	0.1125262228381327	1.7328567838037086	0.5000293449335435
64	tau.SUVR.Schaefer200.ROI.idx.64	267	12.924280217746233	-229.94240726368415	1	0.8713692198723306	1.0957544162144086	0.09697073402275415	1.5453462752435065	0.46726310689196304
65	tau.SUVR.Schaefer200.ROI.idx.65	267	73.9308307322634	-207.23725250767018	1	0.9052537519406035	1.1082215804023339	0.1075826157143922	1.8236645354527483	0.4557966530060689
66	tau.SUVR.Schaefer200.ROI.idx.66	267	-173.64221108930198	-233.12102493197088	1	0.9433140425493773	1.0412892554829514	0.12604882678159512	1.1704302749824878	0.4866181878980272
67	tau.SUVR.Schaefer200.ROI.idx.67	267	345.38580145052987	52.78958109756447	1	0.7336924307019808	1.2026219766492467	0.10714228964395939	1.8877739980039467	0.6266218222047832
68	tau.SUVR.Schaefer200.ROI.idx.68	267	232.36648262168993	-22.519625947356996	1	0.7985524423723304	1.1011102977742016	0.11595804518129407	1.663205836235775	0.5999080858287108
69	tau.SUVR.Schaefer200.ROI.idx.69	267	78.4566310328243	-112.35500922299917	1	0.8593678877114644	1.0271298968043558	0.12184929787159479	1.5290588695105722	0.4779273319185231
70	tau.SUVR.Schaefer200.ROI.idx.70	267	-78.78773567032346	-226.29702793079792	1	0.8879293929786319	1.1149129748314681	0.10840695971360731	1.4414004263969606	0.43038841265450406
71	tau.SUVR.Schaefer200.ROI.idx.71	267	-18.068753703598986	-245.67502872232743	1	0.9246576600328387	1.1354584154244538	0.10834069633012577	1.7464176409201042	0.4552931300541889
72	tau.SUVR.Schaefer200.ROI.idx.72	267	107.50632393587952	-170.53928226157095	1	0.8314881799557045	1.1258217491271907	0.09507282161672427	1.6267077827149126	0.4951723580223939
73	tau.SUVR.Schaefer200.ROI.idx.73	267	99.42746887580142	-130.44626344427053	1	0.8701131555571492	1.088180263512877	0.11707300438887097	1.608554549454863	0.5476416842989644
74	tau.SUVR.Schaefer200.ROI.idx.74	267	3.31187514763187	-140.4544923142928	1	0.8351555474472679	1.0708600071297152	0.1140882168361912	1.422154247377812	0.41936199694404597
75	tau.SUVR.Schaefer200.ROI.idx.75	267	221.1795359737301	-45.148419334757335	1	0.8033193910971527	1.152219152371069	0.11180758176764728	1.7139539688425343	0.5908578737195297
76	tau.SUVR.Schaefer200.ROI.idx.76	267	13.114816095432136	-188.19915619453008	1	0.8326311048695201	1.1015419774856907	0.09830124665107326	1.5167138730857792	0.40097745708133276
77	tau.SUVR.Schaefer200.ROI.idx.77	267	156.53426062293164	-149.15816864479544	1	0.841378370766147	1.1951315627695072	0.099347697655815	1.794708624625318	0.5304563234205075
78	tau.SUVR.Schaefer200.ROI.idx.78	267	145.0074098283779	-92.81897180291612	1	0.8182300967120275	1.149875577676711	0.10972570820673799	1.7151933436387465	0.4647989142788901
79	tau.SUVR.Schaefer200.ROI.idx.79	267	128.05315588785174	-144.76534054407296	1	0.8513069927323846	1.1676349135203339	0.10538604398863342	1.7496897462450385	0.5079573727945965
80	tau.SUVR.Schaefer200.ROI.idx.80	267	-70.42518009632565	-241.4764075525209	1	0.9395604665882137	1.157909805309234	0.1166859612002819	1.5309251986451287	0.6092940828670234
81	tau.SUVR.Schaefer200.ROI.idx.81	267	-138.15187500908945	-278.0544269946409	1	0.953974897525342	1.0932300261675885	0.114172402357582	1.670588220891294	0.37280804762819836
82	tau.SUVR.Schaefer200.ROI.idx.82	267	-137.52079787600277	-286.9019698191102	1	0.9596563503248949	1.1481453138558344	0.11363875066927788	1.710904260721245	0.46951066491439725
83	tau.SUVR.Schaefer200.ROI.idx.83	267	152.94917383396842	-32.81561702942486	1	0.8390118984278753	1.2189890925696634	0.13629799124297765	1.7637501347803093	0.5221948806175452
84	tau.SUVR.Schaefer200.ROI.idx.84	267	296.1214930115302	37.188030532578814	1	0.7230068080469197	1.2227932053037023	0.10538993542775527	1.826304761883777	0.5676232163530478
85	tau.SUVR.Schaefer200.ROI.idx.85	267	169.85325464208478	-66.84032525626779	1	0.8033006886730407	1.1881646847481167	0.11033385114419875	1.7028141500052623	0.5261259148793125
86	tau.SUVR.Schaefer200.ROI.idx.86	267	239.9136503252019	-30.87463715176052	1	0.759817741507789	1.2201902004811558	0.10195309660669048	1.7793195317568096	0.5511359903996591
87	tau.SUVR.Schaefer200.ROI.idx.87	267	243.95920471835385	-37.144511638616194	1	0.8409249104792439	1.1500062059465757	0.12518795748898315	1.8413632845729995	0.6287852812044379
88	tau.SUVR.Schaefer200.ROI.idx.88	267	-148.76676545241745	-291.35235424960246	1	0.9516285358737833	1.072348764822995	0.1105912567317288	1.6189132947637805	0.374214387104968
89	tau.SUVR.Schaefer200.ROI.idx.89	267	-69.00282710224022	-227.4276936283212	1	0.9219654664548466	0.9879315734696597	0.1152442551198237	1.518718848034566	0.37284077355690914
90	tau.SUVR.Schaefer200.ROI.idx.90	267	-73.91608959127417	-215.93155014574288	1	0.864209375835279	1.1009129454328543	0.10530982785120167	1.4183945452144957	0.3947382577202272
91	tau.SUVR.Schaefer200.ROI.idx.91	267	16.224857904017526	-166.32578388477438	1	0.8665539634287585	0.9602437483302394	0.11195894543093211	1.4077508526856355	0.43839778757140696
92	tau.SUVR.Schaefer200.ROI.idx.92	267	-156.3068379228392	-231.61689935123977	1	0.9196978300839302	1.1470429206933777	0.12001586898566761	1.5028777355057554	0.3285791433293042
93	tau.SUVR.Schaefer200.ROI.idx.93	267	-111.28361622187727	-216.06681109218096	1	0.8467445320526362	1.2278005026044245	0.10649257686183888	1.502633907693218	0.3389486528766816
94	tau.SUVR.Schaefer200.ROI.idx.94	267	-193.04214011527017	-284.26276881936747	1	0.946402550406877	1.1552651304181645	0.11297329419383215	1.5948166349735504	0.31652246282198027
95	tau.SUVR.Schaefer200.ROI.idx.95	267	-105.64948752883313	-302.37580710891126	1	0.9400759532826154	1.0913355466923846	0.10281656969760987	1.6453270395471715	0.42006610956703044
96	tau.SUVR.Schaefer200.ROI.idx.96	267	281.3438872135699	5.319612833867922	1	0.7878038803503011	1.1247167889525314	0.11595684241549177	1.7024544880709127	0.6679178301572195
97	tau.SUVR.Schaefer200.ROI.idx.97	267	-7.9627537546849805	-249.17486797357057	1	0.9071999871334162	1.092316301801332	0.10306660010621076	1.632802287512044	0.46735375491363274
98	tau.SUVR.Schaefer200.ROI.idx.98	267	-14.632104757191291	-110.10810350749279	1	0.7042135006451565	1.1246021343085348	0.10358705323330428	1.4582030421364234	0.27529945992639243
99	tau.SUVR.Schaefer200.ROI.idx.99	267	221.74349846375267	-100.05805909514564	1	0.8106675135478734	1.1679005537463165	0.09787009432548735	1.775179978164014	0.5835093447538721
100	tau.SUVR.Schaefer200.ROI.idx.100	267	268.0192152217925	-73.70183633558418	1	0.7875683531008572	1.2056223645089488	0.09375004575737865	1.830465408920441	0.6173861464144084
101	tau.SUVR.Schaefer200.ROI.idx.101	267	219.75738745656463	-84.45731229697732	1	0.7457829945418293	1.1822855305877427	0.08488370319648475	1.6928429253980926	0.53617983461713
102	tau.SUVR.Schaefer200.ROI.idx.102	267	290.194000994958	-12.08021175381283	1	0.8412770807413315	1.1552106416314885	0.12914038161941477	1.9528685187208166	0.6520903552253976
103	tau.SUVR.Schaefer200.ROI.idx.103	267	-84.26370556223057	-302.6171540630245	1	0.8673883491688285	1.0881113741503403	0.08419344411652151	1.4238602022927478	0.40580263997051813
104	tau.SUVR.Schaefer200.ROI.idx.104	267	212.9311999093571	-68.8863320102685	1	0.8094342515041161	1.0760848396735556	0.10692829690903252	1.6055323498468956	0.615342770886756
105	tau.SUVR.Schaefer200.ROI.idx.105	267	245.39498620410794	4.822173416566191	1	0.7835408181208732	1.150112201053529	0.12065973266775303	1.7213375650795513	0.584761097916753
106	tau.SUVR.Schaefer200.ROI.idx.106	267	214.24175900470914	-59.50298213213645	1	0.7927652760459615	1.0874109825326725	0.10514122864743192	1.5999848303296518	0.5948784486632155
107	tau.SUVR.Schaefer200.ROI.idx.107	267	-37.577229042388915	-281.0933719910699	1	0.9537294267981828	1.1245550018303327	0.11020791417112276	1.8584659727717707	0.5386462879371079
108	tau.SUVR.Schaefer200.ROI.idx.108	267	-107.83064003329531	-266.8786149500436	1	0.9360084742628326	1.0592453528166743	0.11026845026703637	1.5880016247115627	0.38257526005156234
109	tau.SUVR.Schaefer200.ROI.idx.109	267	-178.42270213839765	-377.2793002958172	1	0.9178195207442962	1.1127059171195386	0.08498712030623107	1.450517266635022	0.4059934620415713
110	tau.SUVR.Schaefer200.ROI.idx.110	267	-100.19399180999028	-315.63626193390235	1	0.926948648302141	1.0932768528950767	0.09622655962889438	1.5221363379629531	0.490057644142509
111	tau.SUVR.Schaefer200.ROI.idx.111	267	17.841907886441795	-279.0104289664104	1	0.9236994490185251	1.1117349717850793	0.09990766537061567	1.7473134850097536	0.5410923288750752
112	tau.SUVR.Schaefer200.ROI.idx.112	267	90.9153722023279	-76.5118549742272	1	0.9066788669463416	1.0254717984085833	0.14706669906800643	1.5543864351807362	0.6180440537905004
113	tau.SUVR.Schaefer200.ROI.idx.113	267	-106.31090610873514	-293.0577995529024	1	0.9295032319892244	0.9374615741072849	0.10260389076978257	1.4467770159863222	0.3936455285758094
114	tau.SUVR.Schaefer200.ROI.idx.114	267	-276.20583690060243	-405.6182878201635	1	0.9593524780664924	0.9581175494354806	0.09066548896963511	1.423276144330608	0.29894527551843325
115	tau.SUVR.Schaefer200.ROI.idx.115	267	-161.5321839983377	-281.2503009501783	1	0.9341094317079931	1.0762502408995094	0.1094675055249019	1.4568828081966643	0.40016748977983363
116	tau.SUVR.Schaefer200.ROI.idx.116	267	-273.5390086997535	-403.7022136846325	1	0.9601390607477567	0.9402056910684786	0.09125220183340685	1.4137602973752732	0.29963798659322494
117	tau.SUVR.Schaefer200.ROI.idx.117	267	-6.5293349494983115	-202.95918800364092	1	0.934595378231671	1.0073000449555078	0.1226928654710324	1.6418969876473557	0.49626155031321123
118	tau.SUVR.Schaefer200.ROI.idx.118	267	-319.27254742671784	-377.96683806143403	1	0.9810022148274921	0.923083788916626	0.1030445486316228	1.505396564926586	0.11413786780057454
119	tau.SUVR.Schaefer200.ROI.idx.119	267	-103.76903009491349	-274.026282467077	1	0.9596590306652367	0.9340340305598209	0.11582516118555926	1.587454184418681	0.46344663510918976
120	tau.SUVR.Schaefer200.ROI.idx.120	267	-81.19306237721392	-303.25745223912224	1	0.8956383695780515	0.9701019131211369	0.09064072581765946	1.3579993358206652	0.43781674044139873
121	tau.SUVR.Schaefer200.ROI.idx.121	267	-228.7261706676299	-304.7755220271819	1	0.909223180938191	0.9505620011768191	0.10328943008842009	1.1921862307065398	0.32044040456996775
122	tau.SUVR.Schaefer200.ROI.idx.122	267	-309.04507273316386	-338.7769627194037	1	0.9585816969192763	0.9176221027514627	0.10682296286641217	1.280956248233648	0.18819420626066616
123	tau.SUVR.Schaefer200.ROI.idx.123	267	-246.40232546514454	-348.3438869838558	1	0.9700058255123576	0.9076643762625172	0.105532339315011	1.4192882615819944	0.36031713179360597
124	tau.SUVR.Schaefer200.ROI.idx.124	267	-218.44764604826713	-330.8440361710284	1	0.8881136369185041	1.0266596568649284	0.09113156074068685	1.2651932636261896	0.3240097360892228
125	tau.SUVR.Schaefer200.ROI.idx.125	267	-31.893567303820433	-187.40439098156438	1	0.8713549770618308	1.0384659255644213	0.11129450629790247	1.4519545257551978	0.39300139048004756
126	tau.SUVR.Schaefer200.ROI.idx.126	267	-181.3333533366528	-325.68961957777657	1	0.9377507981522102	1.1221182836673191	0.10122557196543319	1.5246635384389637	0.38864849318282363
127	tau.SUVR.Schaefer200.ROI.idx.127	267	-172.82715702742922	-316.5650658069525	1	0.9128074383129078	1.0829682144894461	0.09647200584653774	1.446917358157652	0.34460495768717386
128	tau.SUVR.Schaefer200.ROI.idx.128	267	-198.3858529778414	-328.72479617842055	1	0.9283407461054966	1.0367897970506896	0.0985451514755762	1.4232851793656167	0.3289997707238667
129	tau.SUVR.Schaefer200.ROI.idx.129	267	-142.3598878503775	-302.7166388580994	1	0.9595491362399188	1.0872254310179006	0.11006274470487508	1.6931309211386663	0.4181089691668737
130	tau.SUVR.Schaefer200.ROI.idx.130	267	-293.53598643120375	-392.78004346391873	1	0.9663349897480652	1.004583542787703	0.09617809850459974	1.4487698282778347	0.31520171105081174
131	tau.SUVR.Schaefer200.ROI.idx.131	267	288.5881663399394	11.459418540861833	1	0.7470556012503207	1.2324421265752925	0.10587587347590381	1.8504037581073807	0.5795170422884642
132	tau.SUVR.Schaefer200.ROI.idx.132	267	206.12630387863882	-71.53972620597436	1	0.7647436332453792	1.1977886774699966	0.09478737515049893	1.7485325572394645	0.5053208043791196
133	tau.SUVR.Schaefer200.ROI.idx.133	267	199.30436630852253	-63.5252792934223	1	0.7908739467718026	1.1636779558552404	0.10625570091337258	1.7560340893993727	0.4961785059897662
134	tau.SUVR.Schaefer200.ROI.idx.134	267	80.87377202707005	-120.30727749570536	1	0.8272917060683246	1.0305475408407272	0.10889744580819047	1.4629105858869371	0.4781975507615977
135	tau.SUVR.Schaefer200.ROI.idx.135	267	102.11984378325758	-160.87817571541223	1	0.845852454035934	1.0947933941155334	0.10155551732747853	1.6768167194704608	0.4368535046974851
136	tau.SUVR.Schaefer200.ROI.idx.136	267	84.57563901403104	-144.90702299024662	1	0.8540727693223698	1.0594685724153001	0.10858913351759636	1.5904574381058627	0.46728743426213437
137	tau.SUVR.Schaefer200.ROI.idx.137	267	-3.813603484310452	-269.36362943013773	1	0.8936418713641221	1.06992682392295	0.09374120720878405	1.5938875582638445	0.4486346139686207
138	tau.SUVR.Schaefer200.ROI.idx.138	267	19.399674717640075	-243.31149400841602	1	0.9010121033034291	1.1004139893766782	0.10090111649205048	1.6963240474804455	0.4442495345618934
139	tau.SUVR.Schaefer200.ROI.idx.139	267	61.18522742700539	-136.1118425831982	1	0.8451692998207753	1.0211662782758024	0.11134724187359667	1.4436188539361432	0.4873778703186404
140	tau.SUVR.Schaefer200.ROI.idx.140	267	-6.6054219405114605	-200.46838828746763	1	0.9082400588080903	0.9776801442078769	0.11554047214184564	1.4549473756110758	0.5078862816212251
141	tau.SUVR.Schaefer200.ROI.idx.141	267	83.44947215993612	-221.8453122943283	1	0.8779431194704276	1.0647335461500809	0.09616165443546991	1.6321285878766527	0.5288252412917918
142	tau.SUVR.Schaefer200.ROI.idx.142	267	16.689188323835538	-208.17945020731062	1	0.8299614578946971	1.1031218303812018	0.09154940220275494	1.5282792681436406	0.4007293349893873
143	tau.SUVR.Schaefer200.ROI.idx.143	267	19.798061476616077	-211.78561749565722	1	0.9029198182270792	1.023605111908786	0.10917866910023837	1.5972741225106077	0.4635605663705289
144	tau.SUVR.Schaefer200.ROI.idx.144	267	-145.08388551470915	-214.03908898973765	1	0.8149946118978862	1.0802660813185254	0.10698925181206517	1.3285725711667271	0.27494143724331077
145	tau.SUVR.Schaefer200.ROI.idx.145	267	-133.14345372566885	-258.04424009183674	1	0.8434412270862118	1.0956474158294403	0.09598146154396402	1.3775278910881252	0.3180788378275827
146	tau.SUVR.Schaefer200.ROI.idx.146	267	-135.58626040503933	-281.37746058094336	1	0.8869034136496603	1.1419127342739512	0.09779631682670421	1.4669307383638392	0.360682554354327
147	tau.SUVR.Schaefer200.ROI.idx.147	267	-93.83873328744174	-261.37572181490316	1	0.9124882302831614	1.099194223173743	0.10488725739872641	1.553649622952093	0.38512221948025505
148	tau.SUVR.Schaefer200.ROI.idx.148	267	-135.37233625145265	-272.21871521590924	1	0.9413434055949386	1.1249076168822685	0.11228261368117291	1.5218390363799936	0.4752986866625275
149	tau.SUVR.Schaefer200.ROI.idx.149	267	-20.550448387015436	-227.19088211369981	1	0.862414836307372	1.0991679745073641	0.09666307594176722	1.540892361649392	0.3886276707435702
150	tau.SUVR.Schaefer200.ROI.idx.150	267	-39.85163686874691	-218.5620830380859	1	0.8692198626187188	0.9622234472740143	0.10188380803820775	1.3417791769445526	0.4190464232554994
151	tau.SUVR.Schaefer200.ROI.idx.151	267	194.49861499936083	-56.61884782467381	1	0.8226509475163816	1.1167023757767278	0.1172931033587588	1.7153581394559423	0.5452742855083895
152	tau.SUVR.Schaefer200.ROI.idx.152	267	-11.594984813315213	-235.31057020874644	1	0.8982535729790124	1.1339769359771796	0.1042047316765543	1.6345552291686474	0.45547606639359056
153	tau.SUVR.Schaefer200.ROI.idx.153	267	54.603160005530036	-232.9562363672616	1	0.9046210850868707	1.12706831236774	0.10274378947171263	1.780459081799374	0.4857632430054146
154	tau.SUVR.Schaefer200.ROI.idx.154	267	-86.39348517408443	-213.77390521147325	1	0.8778967232345265	1.1776307018800354	0.11100279229587527	1.5256385092141076	0.3712413784585234
155	tau.SUVR.Schaefer200.ROI.idx.155	267	-66.47602388404243	-216.18294570482345	1	0.8627199257746128	1.186912380209336	0.10487979094685664	1.5327919741905287	0.382794743374562
156	tau.SUVR.Schaefer200.ROI.idx.156	267	-103.84360703095727	-264.0036300350472	1	0.8765304680155793	1.1224315650105077	0.09657462407812345	1.4201250513197137	0.405390081917133
157	tau.SUVR.Schaefer200.ROI.idx.157	267	-54.15929881147058	-210.43342210443245	1	0.8990693065604644	1.2163933421619277	0.11410068450098579	1.569065266425559	0.47580158110705784
158	tau.SUVR.Schaefer200.ROI.idx.158	267	-102.9891202417633	-213.61720489346786	1	0.905859668263196	1.180968477220741	0.11902650841674738	1.5605761440256534	0.372419778380611
159	tau.SUVR.Schaefer200.ROI.idx.159	267	-80.17566915034496	-251.0317878564533	1	0.9081651886219787	1.1390536037215242	0.10669292477032283	1.4779697339270903	0.48573142091104626
160	tau.SUVR.Schaefer200.ROI.idx.160	267	-88.19265639059165	-237.94934148301442	1	0.9186394231583516	1.0838519707214171	0.11304219777226658	1.5428998935658065	0.39766408286218763
161	tau.SUVR.Schaefer200.ROI.idx.161	267	98.37014972835777	-16.60741145634775	1	0.8446805255823667	1.1535968080094081	0.15172398569359133	1.6615471345454194	0.4235775472315397
162	tau.SUVR.Schaefer200.ROI.idx.162	267	233.01835590300257	53.38993509067931	1	0.6539232040151484	1.216243611385177	0.10375583335599041	1.6831947614398226	0.4747627458984287
163	tau.SUVR.Schaefer200.ROI.idx.163	267	25.64110381470593	-27.559736470499768	1	0.5179558416970103	1.1131379217375477	0.09824004119024762	1.378603638724567	0.2852222423412178
164	tau.SUVR.Schaefer200.ROI.idx.164	267	224.22318313028052	11.678378507598211	1	0.6963596298155647	1.1885108688854118	0.10231342485321152	1.7150059491316783	0.4595851990909468
165	tau.SUVR.Schaefer200.ROI.idx.165	267	201.68880802355852	-67.4204653386463	1	0.7944774221850364	1.1077467973236252	0.10481812524471831	1.7101192668446534	0.5007478927116087
166	tau.SUVR.Schaefer200.ROI.idx.166	267	160.7858532552489	-153.93842697981827	1	0.8672693918780566	1.0902404611189231	0.10502315237317324	1.7990568944927336	0.514497557579421
167	tau.SUVR.Schaefer200.ROI.idx.167	267	102.14594494894419	-147.94963333904857	1	0.8383918836381671	1.0368190143701863	0.10289600138178268	1.5541689705137884	0.47962943943606096
168	tau.SUVR.Schaefer200.ROI.idx.168	267	-80.66351989664622	-275.2179593447314	1	0.8643846635115215	1.0784027936004865	0.0901230476598612	1.4836842046296368	0.33515908529493893
169	tau.SUVR.Schaefer200.ROI.idx.169	267	-32.1269838409341	-222.13873575083488	1	0.8339769299733555	1.1185984552659929	0.09272777740248055	1.5033767216750173	0.3649599590890119
170	tau.SUVR.Schaefer200.ROI.idx.170	267	-148.0656181854941	-184.13161731075505	1	0.9284268416596758	1.014072102463743	0.13780653944601662	1.0835093776823774	0.44693050246985633
171	tau.SUVR.Schaefer200.ROI.idx.171	267	301.8659308253093	41.14230277124061	1	0.7318928121334751	1.2169872108771125	0.11009271006154785	1.843035309175387	0.5733747233260095
172	tau.SUVR.Schaefer200.ROI.idx.172	267	319.04581704081954	64.10413660495317	1	0.6725390899970696	1.176755261443504	0.09748275862392854	1.778286820972241	0.5509538650053903
173	tau.SUVR.Schaefer200.ROI.idx.173	267	233.37490047822843	15.697211211126307	1	0.827514148379701	1.0929742424378928	0.1406909147524078	1.7674295450551767	0.5556865262678872
174	tau.SUVR.Schaefer200.ROI.idx.174	267	218.55070061684046	-38.93148367330602	1	0.8290102084810264	1.103957925442591	0.12360844802728485	1.7171060766596156	0.5989619048106527
175	tau.SUVR.Schaefer200.ROI.idx.175	267	76.7498946521659	-135.40496387179977	1	0.8480144847887875	1.0686377485316785	0.11073209876273796	1.5879465779817308	0.442001925750196
176	tau.SUVR.Schaefer200.ROI.idx.176	267	79.20390376823643	-170.64475792424776	1	0.847271964452384	1.0417395522979853	0.10080647145442674	1.5615673796748706	0.45747139300459294
177	tau.SUVR.Schaefer200.ROI.idx.177	267	-64.42166250944553	-250.70286756386716	1	0.9200890989419435	1.198611854356537	0.10894696790619289	1.6853306577619411	0.4442863091672978
178	tau.SUVR.Schaefer200.ROI.idx.178	267	21.03109805248976	-225.72769958309507	1	0.9159327011272617	1.1400612669423233	0.10814636918867698	1.7998341578369077	0.44330294617751526
179	tau.SUVR.Schaefer200.ROI.idx.179	267	-14.747472588149401	-213.18860265637736	1	0.8847743133426909	1.010714079449226	0.10567635005202267	1.4946931385946944	0.410022487227593
180	tau.SUVR.Schaefer200.ROI.idx.180	267	69.37302651511212	-174.88146144640362	1	0.8855163136228633	1.04144515060376	0.10960470418602374	1.6896360517814464	0.41353109151739886
181	tau.SUVR.Schaefer200.ROI.idx.181	267	60.79588271124283	-185.56846707508421	1	0.8878007546542771	1.1580431138821417	0.10950947263079486	1.7268609419719854	0.4962561926968569
182	tau.SUVR.Schaefer200.ROI.idx.182	267	119.6283245739621	-146.49922901151027	1	0.8487053316357387	1.1412275121887594	0.10468313493081671	1.6873269015206522	0.5160709325793525
183	tau.SUVR.Schaefer200.ROI.idx.183	267	17.161057961127725	-162.63762134191617	1	0.784138816793623	1.0749880617802037	0.09354298143328174	1.4148771792195218	0.39371689109394425
184	tau.SUVR.Schaefer200.ROI.idx.184	267	209.24311878583524	-79.59803165357016	1	0.7964876823392364	1.182437257557972	0.10140616801918827	1.8065600451861301	0.5035805416973078
185	tau.SUVR.Schaefer200.ROI.idx.185	267	91.90750618832958	-167.23135121053414	1	0.8651266508791818	1.0921147122460306	0.10499740592810715	1.698283942811635	0.44584261061848174
186	tau.SUVR.Schaefer200.ROI.idx.186	267	134.28874276432472	-157.4290185919719	1	0.8067771756006396	1.1766200610716329	0.08938814725944337	1.706177766611114	0.4700208973743388
187	tau.SUVR.Schaefer200.ROI.idx.187	267	-99.92333116274715	-272.8516072537721	1	0.9294241646015087	1.1566587337621932	0.10765834823775104	1.5747771495504348	0.4817630291734236
188	tau.SUVR.Schaefer200.ROI.idx.188	267	-185.8624178691204	-267.7206671993097	1	0.9739305934663351	1.0302490226059842	0.12544864347283846	1.3531857045895266	0.6198635373434962
189	tau.SUVR.Schaefer200.ROI.idx.189	267	-123.50617141983086	-299.5522364026877	1	0.9019473926908237	1.0734175957007297	0.09501312042983538	1.4891732396111625	0.3487558979037245
190	tau.SUVR.Schaefer200.ROI.idx.190	267	272.19844725039025	-6.89557857444176	1	0.7772499339129975	1.1737140102847115	0.11138387376738515	1.843374366399403	0.5539286056833223
191	tau.SUVR.Schaefer200.ROI.idx.191	267	135.79697849861265	-62.17708504715347	1	0.8584777832172757	1.205272324850069	0.13228699908411526	1.7949228462913955	0.5051262822416798
192	tau.SUVR.Schaefer200.ROI.idx.192	267	-44.42742386635159	-219.23393990940653	1	0.8639645073804171	0.9854029900518791	0.10092263918186416	1.4217839736525604	0.3468070944325924
193	tau.SUVR.Schaefer200.ROI.idx.193	267	-188.164137952853	-295.70222477404286	1	0.9550713955674976	1.124178228021908	0.11252978184108174	1.5971144341780912	0.36725195784010484
194	tau.SUVR.Schaefer200.ROI.idx.194	267	196.25547596134427	-40.476725822105834	1	0.8314757711638319	1.1641863196510567	0.126041092738782	1.8112010019211897	0.5180890958682725
195	tau.SUVR.Schaefer200.ROI.idx.195	267	-0.627757761626814	-247.44369345382754	1	0.848355678605949	1.0888880972031152	0.08785056915264881	1.494459099967627	0.43206706154247493
196	tau.SUVR.Schaefer200.ROI.idx.196	267	105.72704275000747	-71.155302004567	1	0.7075043363614985	1.1526461870052966	0.09514696675951669	1.5812049021470573	0.3652301592700853
197	tau.SUVR.Schaefer200.ROI.idx.197	267	123.66818627629831	-111.35954144334451	1	0.8358416660713194	1.1806877182124798	0.11134790128420974	1.7146446497967793	0.4920504568266373
198	tau.SUVR.Schaefer200.ROI.idx.198	267	187.5824067328003	-88.00133246442056	1	0.841936185391949	1.2270536680182358	0.1150000598680339	1.9171075520708172	0.4958134935236683
199	tau.SUVR.Schaefer200.ROI.idx.199	267	234.27802811198816	-83.4956638279944	1	0.8276387999568457	1.1870509531955846	0.10743421360930847	1.9183932696251966	0.5341283660726536
200	tau.SUVR.Schaefer200.ROI.idx.200	267	150.9485804239464	-134.50742505184715	1	0.8688334393935648	1.1539274013003806	0.11103857030080111	1.868448597812403	0.47770415403875904
