roi_index	roi_name	kept	mu_non	sd_non	mu_path	sd_path
1	tau.SUVR.Schaefer200.ROI.idx.1	1	1.1893965061416276	0.10021848250025422	1.754908874050734	0.5702235923867178
2	tau.SUVR.Schaefer200.ROI.idx.2	1	1.0666669771319461	0.116009400233732	1.4400500742755253	0.600643630821129
3	tau.SUVR.Schaefer200.ROI.idx.3	1	1.0820923897716057	0.08413359115149649	1.2464586949425487	0.32330470041474607
4	tau.SUVR.Schaefer200.ROI.idx.4	1	1.0981677159140166	0.11328443192274118	1.6148552478487426	0.6546214403840385
5	tau.SUVR.Schaefer200.ROI.idx.5	1	1.1331182300948164	0.12348573745396144	1.7958947454657173	0.7158977775634
6	tau.SUVR.Schaefer200.ROI.idx.6	1	1.1206691480402846	0.10877895360540953	1.7443683133049708	0.654535404963747
7	tau.SUVR.Schaefer200.ROI.idx.7	1	1.1639851714011915	0.09718151643603576	1.7664515373612204	0.47192980476400465
8	tau.SUVR.Schaefer200.ROI.idx.8	1	1.103544979190631	0.09134844860761397	1.606977945253207	0.3629037069381035
9	tau.SUVR.Schaefer200.ROI.idx.9	1	1.0321190684543042	0.10642467658216312	1.3698810983559089	0.32148969033371405
10	tau.SUVR.Schaefer200.ROI.idx.10	1	1.0898912445403248	0.08725673038104591	1.4794333850461974	0.3756052615732047
11	tau.SUVR.Schaefer200.ROI.idx.11	1	1.1087313151363554	0.08715239913496156	1.5530283126058204	0.43780615766960373
12	tau.SUVR.Schaefer200.ROI.idx.12	1	1.0563439333750044	0.10632580402791388	1.5208955316455768	0.5293674335114139
13	tau.SUVR.Schaefer200.ROI.idx.13	1	1.10163748612876	0.09574179531157166	1.4009086416836805	0.30497063489601783
14	tau.SUVR.Schaefer200.ROI.idx.14	1	0.9223825608862926	0.11089295122741981	1.3757031759951177	0.3762942696931838
15	tau.SUVR.Schaefer200.ROI.idx.15	1	0.9366915632533453	0.09242296541843745	1.171982789945365	0.2969834772295501
16	tau.SUVR.Schaefer200.ROI.idx.16	1	0.928904534706153	0.08867020316265377	1.1240232838851187	0.27383588666548536
17	tau.SUVR.Schaefer200.ROI.idx.17	1	0.9329217000351971	0.11637992763777047	1.4230067221817642	0.3330840735011555
18	tau.SUVR.Schaefer200.ROI.idx.18	1	0.9754825101159622	0.09338410196005302	1.4215310879382332	0.43097974838136516
19	tau.SUVR.Schaefer200.ROI.idx.19	1	0.9554180757463687	0.10004160046742232	1.1551624333300645	0.27371804007599865
20	tau.SUVR.Schaefer200.ROI.idx.20	1	0.9365922909475705	0.10390649706267281	1.0907930523659277	0.25989415492944257
21	tau.SUVR.Schaefer200.ROI.idx.21	1	1.0342478720391817	0.09355465210435934	1.4251232535131124	0.4600484968349085
22	tau.SUVR.Schaefer200.ROI.idx.22	1	1.051094350574155	0.08995568686540774	1.4691561242121374	0.445994302678088
23	tau.SUVR.Schaefer200.ROI.idx.23	1	1.0999272491548746	0.08542375815361182	1.3536131576582344	0.3205403910596256
24	tau.SUVR.Schaefer200.ROI.idx.24	1	1.0601379357902012	0.09672699088563227	1.6675765819267485	0.2222062054163815
25	tau.SUVR.Schaefer200.ROI.idx.25	1	1.1285158727484108	0.10951558593369744	1.7933071634033033	0.5314371014459924
26	tau.SUVR.Schaefer200.ROI.idx.26	1	1.1229900552474685	0.08912460992051385	1.5347861645394514	0.41176855388763767
27	tau.SUVR.Schaefer200.ROI.idx.27	1	1.0168388297454387	0.09493497578145645	1.5001801530966379	0.19536046594368264
28	tau.SUVR.Schaefer200.ROI.idx.28	1	0.9745617778673603	0.09141412847249131	1.321876338949729	0.29289742445068556
29	tau.SUVR.Schaefer200.ROI.idx.29	1	1.2297752928320402	0.09908948239229916	1.8539733305662833	0.5661288403762498
30	tau.SUVR.Schaefer200.ROI.idx.30	1	1.2318059987733867	0.10980281339379654	1.9625288059150148	0.6922337884546718
31	tau.SUVR.Schaefer200.ROI.idx.31	1	1.1733921379505299	0.09625176809916731	1.772941812810622	0.64938034097987
32	tau.SUVR.Schaefer200.ROI.idx.32	1	1.186400479918046	0.11577977523520068	1.9027326646215772	0.5859094624997337
33	tau.SUVR.Schaefer200.ROI.idx.33	1	1.0411837381793299	0.10980052971956178	1.505532278906165	0.5096135645401749
34	tau.SUVR.Schaefer200.ROI.idx.34	1	1.0292388970686157	0.11563393817878152	1.5934128217094654	0.4922723176175678
35	tau.SUVR.Schaefer200.ROI.idx.35	1	1.088893957457528	0.09686911308138846	1.63453167675117	0.41997943213769273
36	tau.SUVR.Schaefer200.ROI.idx.36	1	1.100410305688776	0.09963146741963416	1.7251727820368241	0.4619923296324459
37	tau.SUVR.Schaefer200.ROI.idx.37	1	0.9882773110559667	0.11013301233863167	1.5507107885670652	0.460325153770903
38	tau.SUVR.Schaefer200.ROI.idx.38	1	0.988266748353062	0.10858930336341403	1.3960409799527793	0.4452649400270197
39	tau.SUVR.Schaefer200.ROI.idx.39	1	1.0925042862541297	0.10243985858543753	1.8004844584462827	0.47468755936079665
40	tau.SUVR.Schaefer200.ROI.idx.40	1	1.0897540295668884	0.10597093265504451	1.7033504613051726	0.4388210151664339
41	tau.SUVR.Schaefer200.ROI.idx.41	1	1.1073111357850878	0.09439660918525002	1.3083190241398055	0.2409192680180094
42	tau.SUVR.Schaefer200.ROI.idx.42	1	1.1942299807854337	0.10800448683049299	1.51883539073605	0.3956725128287471
43	tau.SUVR.Schaefer200.ROI.idx.43	1	1.0900060245812497	0.10305716029120585	1.8025809672247144	0.28847982855910237
44	tau.SUVR.Schaefer200.ROI.idx.44	1	1.115804908515243	0.10426122320279672	1.5980631273890653	0.40430085297495794
45	tau.SUVR.Schaefer200.ROI.idx.45	1	1.1023755726301183	0.09885855273238843	1.4686084394794312	0.40228818815322737
46	tau.SUVR.Schaefer200.ROI.idx.46	1	0.9844389054423037	0.1032102868783287	1.388010461133187	0.4421042018283005
47	tau.SUVR.Schaefer200.ROI.idx.47	1	1.0729263461565197	0.11530517681150938	1.7097969376094042	0.5287048629343833
48	tau.SUVR.Schaefer200.ROI.idx.48	1	1.1191962123622423	0.10662120775755687	1.6433553320144805	0.4811531315113841
49	tau.SUVR.Schaefer200.ROI.idx.49	1	1.1808473992510866	0.10226984457061256	1.5062881014888945	0.37936157191465075
50	tau.SUVR.Schaefer200.ROI.idx.50	1	1.0922463227929078	0.10902664009622258	1.3797123053619023	0.44051455872142775
51	tau.SUVR.Schaefer200.ROI.idx.51	1	1.1965058448672377	0.12410404722241329	1.690595757602422	0.42239293771500397
52	tau.SUVR.Schaefer200.ROI.idx.52	1	1.1822720630947374	0.11954032929298103	1.552669660738361	0.500016480210186
53	tau.SUVR.Schaefer200.ROI.idx.53	1	1.1393391468954093	0.090743496718861	1.4691357286494124	0.32019274230611866
54	tau.SUVR.Schaefer200.ROI.idx.54	1	1.2170183860193888	0.09484641669160779	1.691827032740706	0.46629142573286947
55	tau.SUVR.Schaefer200.ROI.idx.55	1	1.079657698520411	0.09416244674037232	1.3910761859848206	0.3065458327603425
56	tau.SUVR.Schaefer200.ROI.idx.56	1	1.124056450781181	0.12903119703715502	1.4299123826222155	0.35427419706113417
57	tau.SUVR.Schaefer200.ROI.idx.57	1	1.2049789510341515	0.11334037281461645	1.8816749885085085	0.6821854335545428
58	tau.SUVR.Schaefer200.ROI.idx.58	1	1.1203192898731362	0.105085594593217	1.7338397353294246	0.5376339187997502
59	tau.SUVR.Schaefer200.ROI.idx.59	1	1.0818294324106064	0.11019964270451271	1.7255320633316882	0.5662979777994841
60	tau.SUVR.Schaefer200.ROI.idx.60	1	1.0981956653968772	0.1108992416663299	1.716573148040095	0.503119409582795
61	tau.SUVR.Schaefer200.ROI.idx.61	1	1.0261821992296443	0.09837407841535635	1.5249708024758208	0.5051570529855065
62	tau.SUVR.Schaefer200.ROI.idx.62	1	1.1145641868975082	0.09495623910018086	1.4913951991508445	0.4189828907058694
63	tau.SUVR.Schaefer200.ROI.idx.63	1	1.1274076559064818	0.1125262228381327	1.7328567838037086	0.5000293449335435
64	tau.SUVR.Schaefer200.ROI.idx.64	1	1.0957544162144086	0.09697073402275415	1.5453462752435065	0.46726310689196304
65	tau.SUVR.Schaefer200.ROI.idx.65	1	1.1082215804023339	0.1075826157143922	1.8236645354527483	0.4557966530060689
66	tau.SUVR.Schaefer200.ROI.idx.66	1	1.0412892554829514	0.12604882678159512	1.1704302749824878	0.4866181878980272
67	tau.SUVR.Schaefer200.ROI.idx.67	1	1.2026219766492467	0.10714228964395939	1.8877739980039467	0.6266218222047832
68	tau.SUVR.Schaefer200.ROI.idx.68	1	1.1011102977742016	0.11595804518129407	1.663205836235775	0.5999080858287108
69	tau.SUVR.Schaefer200.ROI.idx.69	1	1.0271298968043558	0.12184929787159479	1.5290588695105722	0.4779273319185231
70	tau.SUVR.Schaefer200.ROI.idx.70	1	1.1149129748314681	0.10840695971360731	1.4414004263969606	0.43038841265450406
71	tau.SUVR.Schaefer200.ROI.idx.71	1	1.1354584154244538	0.10834069633012577	1.7464176409201042	0.4552931300541889
72	tau.SUVR.Schaefer200.ROI.idx.72	1	1.1258217491271907	0.09507282161672427	1.6267077827149126	0.4951723580223939
73	tau.SUVR.Schaefer200.ROI.idx.73	1	1.088180263512877	0.11707300438887097	1.608554549454863	0.5476416842989644
74	tau.SUVR.Schaefer200.ROI.idx.74	1	1.0708600071297152	0.1140882168361912	1.422154247377812	0.41936199694404597
75	tau.SUVR.Schaefer200.ROI.idx.75	1	1.152219152371069	0.11180758176764728	1.7139539688425343	0.5908578737195297
76	tau.SUVR.Schaefer200.ROI.idx.76	1	1.1015419774856907	0.09830124665107326	1.5167138730857792	0.40097745708133276
77	tau.SUVR.Schaefer200.ROI.idx.77	1	1.1951315627695072	0.099347697655815	1.794708624625318	0.5304563234205075
78	tau.SUVR.Schaefer200.ROI.idx.78	1	1.149875577676711	0.10972570820673799	1.7151933436387465	0.4647989142788901
79	tau.SUVR.Schaefer200.ROI.idx.79	1	1.1676349135203339	0.10538604398863342	1.7496897462450385	0.5079573727945965
80	tau.SUVR.Schaefer200.ROI.idx.80	1	1.157909805309234	0.1166859612002819	1.5309251986451287	0.6092940828670234
81	tau.SUVR.Schaefer200.ROI.idx.81	1	1.0932300261675885	0.114172402357582	1.670588220891294	0.37280804762819836
82	tau.SUVR.Schaefer200.ROI.idx.82	1	1.1481453138558344	0.11363875066927788	1.710904260721245	0.46951066491439725
83	tau.SUVR.Schaefer200.ROI.idx.83	1	1.2189890925696634	0.13629799124297765	1.7637501347803093	0.5221948806175452
84	tau.SUVR.Schaefer200.ROI.idx.84	1	1.2227932053037023	0.10538993542775527	1.826304761883777	0.5676232163530478
85	tau.SUVR.Schaefer200.ROI.idx.85	1	1.1881646847481167	0.11033385114419875	1.7028141500052623	0.5261259148793125
86	tau.SUVR.Schaefer200.ROI.idx.86	1	1.2201902004811558	0.10195309660669048	1.7793195317568096	0.5511359903996591
87	tau.SUVR.Schaefer200.ROI.idx.87	1	1.1500062059465757	0.12518795748898315	1.8413632845729995	0.6287852812044379
88	tau.SUVR.Schaefer200.ROI.idx.88	1	1.072348764822995	0.1105912567317288	1.6189132947637805	0.374214387104968
89	tau.SUVR.Schaefer200.ROI.idx.89	1	0.9879315734696597	0.1152442551198237	1.518718848034566	0.37284077355690914
90	tau.SUVR.Schaefer200.ROI.idx.90	1	1.1009129454328543	0.10530982785120167	1.4183945452144957	0.3947382577202272
91	tau.SUVR.Schaefer200.ROI.idx.91	1	0.9602437483302394	0.11195894543093211	1.4077508526856355	0.43839778757140696
92	tau.SUVR.Schaefer200.ROI.idx.92	1	1.1470429206933777	0.12001586898566761	1.5028777355057554	0.3285791433293042
93	tau.SUVR.Schaefer200.ROI.idx.93	1	1.2278005026044245	0.10649257686183888	1.502633907693218	0.3389486528766816
94	tau.SUVR.Schaefer200.ROI.idx.94	1	1.1552651304181645	0.11297329419383215	1.5948166349735504	0.31652246282198027
95	tau.SUVR.Schaefer200.ROI.idx.95	1	1.0913355466923846	0.10281656969760987	1.6453270395471715	0.42006610956703044
96	tau.SUVR.Schaefer200.ROI.idx.96	1	1.1247167889525314	0.11595684241549177	1.7024544880709127	0.6679178301572195
97	tau.SUVR.Schaefer200.ROI.idx.97	1	1.092316301801332	0.10306660010621076	1.632802287512044	0.46735375491363274
98	tau.SUVR.Schaefer200.ROI.idx.98	1	1.1246021343085348	0.10358705323330428	1.4582030421364234	0.27529945992639243
99	tau.SUVR.Schaefer200.ROI.idx.99	1	1.1679005537463165	0.09787009432548735	1.775179978164014	0.5835093447538721
100	tau.SUVR.Schaefer200.ROI.idx.100	1	1.2056223645089488	0.09375004575737865	1.830465408920441	0.6173861464144084
101	tau.SUVR.Schaefer200.ROI.idx.101	1	1.1822855305877427	0.08488370319648475	1.6928429253980926	0.53617983461713
102	tau.SUVR.Schaefer200.ROI.idx.102	1	1.1552106416314885	0.12914038161941477	1.9528685187208166	0.6520903552253976
103	tau.SUVR.Schaefer200.ROI.idx.103	1	1.0881113741503403	0.08419344411652151	1.4238602022927478	0.40580263997051813
104	tau.SUVR.Schaefer200.ROI.idx.104	1	1.0760848396735556	0.10692829690903252	1.6055323498468956	0.615342770886756
105	tau.SUVR.Schaefer200.ROI.idx.105	1	1.150112201053529	0.12065973266775303	1.7213375650795513	0.584761097916753
106	tau.SUVR.Schaefer200.ROI.idx.106	1	1.0874109825326725	0.10514122864743192	1.5999848303296518	0.5948784486632155
107	tau.SUVR.Schaefer200.ROI.idx.107	1	1.1245550018303327	0.11020791417112276	1.8584659727717707	0.5386462879371079
108	tau.SUVR.Schaefer200.ROI.idx.108	1	1.0592453528166743	0.11026845026703637	1.5880016247115627	0.38257526005156234
109	tau.SUVR.Schaefer200.ROI.idx.109	1	1.1127059171195386	0.08498712030623107	1.450517266635022	0.4059934620415713
110	tau.SUVR.Schaefer200.ROI.idx.110	1	1.0932768528950767	0.09622655962889438	1.5221363379629531	0.490057644142509
111	tau.SUVR.Schaefer200.ROI.idx.111	1	1.1117349717850793	0.09990766537061567	1.7473134850097536	0.5410923288750752
112	tau.SUVR.Schaefer200.ROI.idx.112	1	1.0254717984085833	0.14706669906800643	1.5543864351807362	0.6180440537905004
113	tau.SUVR.Schaefer200.ROI.idx.113	1	0.9374615741072849	0.10260389076978257	1.4467770159863222	0.3936455285758094
114	tau.SUVR.Schaefer200.ROI.idx.114	1	0.9581175494354806	0.09066548896963511	1.423276144330608	0.29894527551843325
115	tau.SUVR.Schaefer200.ROI.idx.115	1	1.0762502408995094	0.1094675055249019	1.4568828081966643	0.40016748977983363
116	tau.SUVR.Schaefer200.ROI.idx.116	1	0.9402056910684786	0.09125220183340685	1.4137602973752732	0.29963798659322494
117	tau.SUVR.Schaefer200.ROI.idx.117	1	1.0073000449555078	0.1226928654710324	1.6418969876473557	0.49626155031321123
118	tau.SUVR.Schaefer200.ROI.idx.118	1	0.923083788916626	0.1030445486316228	1.505396564926586	0.11413786780057454
119	tau.SUVR.Schaefer200.ROI.idx.119	1	0.9340340305598209	0.11582516118555926	1.587454184418681	0.46344663510918976
120	tau.SUVR.Schaefer200.ROI.idx.120	1	0.9701019131211369	0.09064072581765946	1.3579993358206652	0.43781674044139873
121	tau.SUVR.Schaefer200.ROI.idx.121	1	0.9505620011768191	0.10328943008842009	1.1921862307065398	0.32044040456996775
122	tau.SUVR.Schaefer200.ROI.idx.122	1	0.9176221027514627	0.10682296286641217	1.280956248233648	0.18819420626066616
123	tau.SUVR.Schaefer200.ROI.idx.123	1	0.9076643762625172	0.105532339315011	1.4192882615819944	0.36031713179360597
124	tau.SUVR.Schaefer200.ROI.idx.124	1	1.0266596568649284	0.09113156074068685	1.2651932636261896	0.3240097360892228
125	tau.SUVR.Schaefer200.ROI.idx.125	1	1.0384659255644213	0.11129450629790247	1.4519545257551978	0.39300139048004756
126	tau.SUVR.Schaefer200.ROI.idx.126	1	1.1221182836673191	0.10122557196543319	1.5246635384389637	0.38864849318282363
127	tau.SUVR.Schaefer200.ROI.idx.127	1	1.0829682144894461	0.09647200584653774	1.446917358157652	0.34460495768717386
128	tau.SUVR.Schaefer200.ROI.idx.128	1	1.0367897970506896	0.0985451514755762	1.4232851793656167	0.3289997707238667
129	tau.SUVR.Schaefer200.ROI.idx.129	1	1.0872254310179006	0.11006274470487508	1.6931309211386663	0.4181089691668737
130	tau.SUVR.Schaefer200.ROI.idx.130	1	1.004583542787703	0.09617809850459974	1.4487698282778347	0.31520171105081174
131	tau.SUVR.Schaefer200.ROI.idx.131	1	1.2324421265752925	0.10587587347590381	1.8504037581073807	0.5795170422884642
132	tau.SUVR.Schaefer200.ROI.idx.132	1	1.1977886774699966	0.09478737515049893	1.7485325572394645	0.5053208043791196
133	tau.SUVR.Schaefer200.ROI.idx.133	1	1.1636779558552404	0.10625570091337258	1.7560340893993727	0.4961785059897662
134	tau.SUVR.Schaefer200.ROI.idx.134	1	1.0305475408407272	0.10889744580819047	1.4629105858869371	0.4781975507615977
135	tau.SUVR.Schaefer200.ROI.idx.135	1	1.0947933941155334	0.10155551732747853	1.6768167194704608	0.4368535046974851
136	tau.SUVR.Schaefer200.ROI.idx.136	1	1.0594685724153001	0.10858913351759636	1.5904574381058627	0.46728743426213437
137	tau.SUVR.Schaefer200.ROI.idx.137	1	1.06992682392295	0.09374120720878405	1.5938875582638445	0.4486346139686207
138	tau.SUVR.Schaefer200.ROI.idx.138	1	1.1004139893766782	0.10090111649205048	1.6963240474804455	0.4442495345618934
139	tau.SUVR.Schaefer200.ROI.idx.139	1	1.0211662782758024	0.11134724187359667	1.4436188539361432	0.4873778703186404
140	tau.SUVR.Schaefer200.ROI.idx.140	1	0.9776801442078769	0.11554047214184564	1.4549473756110758	0.5078862816212251
141	tau.SUVR.Schaefer200.ROI.idx.141	1	1.0647335461500809	0.09616165443546991	1.6321285878766527	0.5288252412917918
142	tau.SUVR.Schaefer200.ROI.idx.142	1	1.1031218303812018	0.09154940220275494	1.5282792681436406	0.4007293349893873
143	tau.SUVR.Schaefer200.ROI.idx.143	1	1.023605111908786	0.10917866910023837	1.5972741225106077	0.4635605663705289
144	tau.SUVR.Schaefer200.ROI.idx.144	1	1.0802660813185254	0.10698925181206517	1.3285725711667271	0.27494143724331077
145	tau.SUVR.Schaefer200.ROI.idx.145	1	1.0956474158294403	0.09598146154396402	1.3775278910881252	0.3180788378275827
146	tau.SUVR.Schaefer200.ROI.idx.146	1	1.1419127342739512	0.09779631682670421	1.4669307383638392	0.360682554354327
147	tau.SUVR.Schaefer200.ROI.idx.147	1	1.099194223173743	0.10488725739872641	1.553649622952093	0.38512221948025505
148	tau.SUVR.Schaefer200.ROI.idx.148	1	1.1249076168822685	0.11228261368117291	1.5218390363799936	0.4752986866625275
149	tau.SUVR.Schaefer200.ROI.idx.149	1	1.0991679745073641	0.09666307594176722	1.540892361649392	0.3886276707435702
150	tau.SUVR.Schaefer200.ROI.idx.150	1	0.9622234472740143	0.10188380803820775	1.3417791769445526	0.4190464232554994
151	tau.SUVR.Schaefer200.ROI.idx.151	1	1.1167023757767278	0.1172931033587588	1.7153581394559423	0.5452742855083895
152	tau.SUVR.Schaefer200.ROI.idx.152	1	1.1339769359771796	0.1042047316765543	1.6345552291686474	0.45547606639359056
153	tau.SUVR.Schaefer200.ROI.idx.153	1	1.12706831236774	0.10274378947171263	1.780459081799374	0.4857632430054146
154	tau.SUVR.Schaefer200.ROI.idx.154	1	1.1776307018800354	0.11100279229587527	1.5256385092141076	0.3712413784585234
155	tau.SUVR.Schaefer200.ROI.idx.155	1	1.186912380209336	0.10487979094685664	1.5327919741905287	0.382794743374562
156	tau.SUVR.Schaefer200.ROI.idx.156	1	1.1224315650105077	0.09657462407812345	1.4201250513197137	0.405390081917133
157	tau.SUVR.Schaefer200.ROI.idx.157	1	1.2163933421619277	0.11410068450098579	1.569065266425559	0.47580158110705784
158	tau.SUVR.Schaefer200.ROI.idx.158	1	1.180968477220741	0.11902650841674738	1.5605761440256534	0.372419778380611
159	tau.SUVR.Schaefer200.ROI.idx.159	1	1.1390536037215242	0.10669292477032283	1.4779697339270903	0.48573142091104626
160	tau.SUVR.Schaefer200.ROI.idx.160	1	1.0838519707214171	0.11304219777226658	1.5428998935658065	0.39766408286218763
161	tau.SUVR.Schaefer200.ROI.idx.161	1	1.1535968080094081	0.15172398569359133	1.6615471345454194	0.4235775472315397
162	tau.SUVR.Schaefer200.ROI.idx.162	1	1.216243611385177	0.10375583335599041	1.6831947614398226	0.4747627458984287
163	tau.SUVR.Schaefer200.ROI.idx.163	1	1.1131379217375477	0.09824004119024762	1.378603638724567	0.2852222423412178
164	tau.SUVR.Schaefer200.ROI.idx.164	1	1.1885108688854118	0.10231342485321152	1.7150059491316783	0.4595851990909468
165	tau.SUVR.Schaefer200.ROI.idx.165	1	1.1077467973236252	0.10481812524471831	1.7101192668446534	0.5007478927116087
166	tau.SUVR.Schaefer200.ROI.idx.166	1	1.0902404611189231	0.10502315237317324	1.7990568944927336	0.514497557579421
167	tau.SUVR.Schaefer200.ROI.idx.167	1	1.0368190143701863	0.10289600138178268	1.5541689705137884	0.47962943943606096
168	tau.SUVR.Schaefer200.ROI.idx.168	1	1.0784027936004865	0.0901230476598612	1.4836842046296368	0.33515908529493893
169	tau.SUVR.Schaefer200.ROI.idx.169	1	1.1185984552659929	0.09272777740248055	1.5033767216750173	0.3649599590890119
170	tau.SUVR.Schaefer200.ROI.idx.170	1	1.014072102463743	0.13780653944601662	1.0835093776823774	0.44693050246985633
171	tau.SUVR.Schaefer200.ROI.idx.171	1	1.2169872108771125	0.11009271006154785	1.843035309175387	0.5733747233260095
172	tau.SUVR.Schaefer200.ROI.idx.172	1	1.176755261443504	0.09748275862392854	1.778286820972241	0.5509538650053903
173	tau.SUVR.Schaefer200.ROI.idx.173	1	1.0929742424378928	0.1406909147524078	1.7674295450551767	0.5556865262678872
174	tau.SUVR.Schaefer200.ROI.idx.174	1	1.103957925442591	0.12360844802728485	1.7171060766596156	0.5989619048106527
175	tau.SUVR.Schaefer200.ROI.idx.175	1	1.0686377485316785	0.11073209876273796	1.5879465779817308	0.442001925750196
176	tau.SUVR.Schaefer200.ROI.idx.176	1	1.0417395522979853	0.10080647145442674	1.5615673796748706	0.45747139300459294
177	tau.SUVR.Schaefer200.ROI.idx.177	1	1.198611854356537	0.10894696790619289	1.6853306577619411	0.4442863091672978
178	tau.SUVR.Schaefer200.ROI.idx.178	1	1.1400612669423233	0.10814636918867698	1.7998341578369077	0.44330294617751526
179	tau.SUVR.Schaefer200.ROI.idx.179	1	1.010714079449226	0.10567635005202267	1.4946931385946944	0.410022487227593
180	tau.SUVR.Schaefer200.ROI.idx.180	1	1.04144515060376	0.10960470418602374	1.6896360517814464	0.41353109151739886
181	tau.SUVR.Schaefer200.ROI.idx.181	1	1.1580431138821417	0.10950947263079486	1.7268609419719854	0.4962561926968569
182	tau.SUVR.Schaefer200.ROI.idx.182	1	1.1412275121887594	0.10468313493081671	1.6873269015206522	0.5160709325793525
183	tau.SUVR.Schaefer200.ROI.idx.183	1	1.0749880617802037	0.09354298143328174	1.4148771792195218	0.39371689109394425
184	tau.SUVR.Schaefer200.ROI.idx.184	1	1.182437257557972	0.10140616801918827	1.8065600451861301	0.5035805416973078
185	tau.SUVR.Schaefer200.ROI.idx.185	1	1.0921147122460306	0.10499740592810715	1.698283942811635	0.44584261061848174
186	tau.SUVR.Schaefer200.ROI.idx.186	1	1.1766200610716329	0.08938814725944337	1.706177766611114	0.4700208973743388
187	tau.SUVR.Schaefer200.ROI.idx.187	1	1.1566587337621932	0.10765834823775104	1.5747771495504348	0.4817630291734236
188	tau.SUVR.Schaefer200.ROI.idx.188	1	1.0302490226059842	0.12544864347283846	1.3531857045895266	0.6198635373434962
189	tau.SUVR.Schaefer200.ROI.idx.189	1	1.0734175957007297	0.09501312042983538	1.4891732396111625	0.3487558979037245
190	tau.SUVR.Schaefer200.ROI.idx.190	1	1.1737140102847115	0.11138387376738515	1.843374366399403	0.5539286056833223
191	tau.SUVR.Schaefer200.ROI.idx.191	1	1.205272324850069	0.13228699908411526	1.7949228462913955	0.5051262822416798
192	tau.SUVR.Schaefer200.ROI.idx.192	1	0.9854029900518791	0.10092263918186416	1.4217839736525604	0.3468070944325924
193	tau.SUVR.Schaefer200.ROI.idx.193	1	1.124178228021908	0.11252978184108174	1.5971144341780912	0.36725195784010484
194	tau.SUVR.Schaefer200.ROI.idx.194	1	1.1641863196510567	0.126041092738782	1.8112010019211897	0.5180890958682725
195	tau.SUVR.Schaefer200.ROI.idx.195	1	1.0888880972031152	0.08785056915264881	1.494459099967627	0.43206706154247493
196	tau.SUVR.Schaefer200.ROI.idx.196	1	1.1526461870052966	0.09514696675951669	1.5812049021470573	0.3652301592700853
197	tau.SUVR.Schaefer200.ROI.idx.197	1	1.1806877182124798	0.11134790128420974	1.7146446497967793	0.4920504568266373
198	tau.SUVR.Schaefer200.ROI.idx.198	1	1.2270536680182358	0.1150000598680339	1.9171075520708172	0.4958134935236683
199	tau.SUVR.Schaefer200.ROI.idx.199	1	1.1870509531955846	0.10743421360930847	1.9183932696251966	0.5341283660726536
200	tau.SUVR.Schaefer200.ROI.idx.200	1	1.1539274013003806	0.11103857030080111	1.868448597812403	0.47770415403875904
