roi_index	roi_name	n	w_non	mu_non	sd_non	mu_path	sd_path	L_nonQ	G_pathQ25	T_start	n_nonpath	n_path
1	tau.SUVR.Schaefer200.ROI.idx.1	267	0.8282321141696173	1.1894065958210374	0.10023551111378605	1.7550954990157877	0.5702556700651146	1.4225892640039912	1.3704638945656693	1.4225892640039912	230	37
2	tau.SUVR.Schaefer200.ROI.idx.2	267	0.8740212287080704	1.0666909339311985	0.11604157584476617	1.4402994671734073	0.6008963622587896	1.33664400719802	1.035001029899742	1.33664400719802	242	25
3	tau.SUVR.Schaefer200.ROI.idx.3	267	0.8658902233775566	1.0821218329547992	0.08417395951440852	1.2466628314213823	0.32359457068617165	1.2779397447207437	1.0284016102744582	1.2779397447207437	246	21
4	tau.SUVR.Schaefer200.ROI.idx.4	267	0.8372927694318599	1.0981726050601974	0.1132925091340465	1.6149578641222635	0.654662193692031	1.3617303928289397	1.1733949246361066	1.3617303928289397	234	33
5	tau.SUVR.Schaefer200.ROI.idx.5	267	0.8014008023127921	1.1331196423376757	0.12348807874027046	1.7959164762726478	0.7159031031221792	1.4203958717844924	1.3130471710831695	1.4203958717844924	225	42
6	tau.SUVR.Schaefer200.ROI.idx.6	267	0.8049951831268067	1.120675598564963	0.10878821953549997	1.744473023153727	0.6545588535659257	1.3737548418020622	1.3029797855234122	1.3737548418020622	223	44
7	tau.SUVR.Schaefer200.ROI.idx.7	267	0.8144445506660491	1.163993733086219	0.09719476773338412	1.7666457620500469	0.4719047441266223	1.3901025743706708	1.4483508490677355	1.4483508490677355	229	38
8	tau.SUVR.Schaefer200.ROI.idx.8	267	0.9077154052462402	1.1035558686380695	0.0913634493423634	1.6074150294433207	0.36282114322146997	1.316099034780715	1.3626958871860146	1.3626958871860146	248	19
9	tau.SUVR.Schaefer200.ROI.idx.9	267	0.8857178089572906	1.0321526351035677	0.10646976152738556	1.3704520389251407	0.3215624017285648	1.279838338482437	1.1535614949107889	1.279838338482437	242	25
10	tau.SUVR.Schaefer200.ROI.idx.10	267	0.9146761151001264	1.0899047468352574	0.08728127958216353	1.4799906261559648	0.3756499834343898	1.2929513660347882	1.226618562668141	1.2929513660347882	246	21
11	tau.SUVR.Schaefer200.ROI.idx.11	267	0.8600914930202168	1.1087396197773698	0.08716417522345271	1.5532334639528846	0.4378347412457167	1.3115138135009727	1.2579184187028951	1.3115138135009727	235	32
12	tau.SUVR.Schaefer200.ROI.idx.12	267	0.8584705039640151	1.0563580677966433	0.10635033830213204	1.521170214136728	0.5294516281144911	1.303765951209333	1.164060517748876	1.303765951209333	235	32
13	tau.SUVR.Schaefer200.ROI.idx.13	267	0.8940832667747055	1.1016566037160769	0.09579264348033412	1.4017611475009453	0.3049612439722663	1.3245036162253048	1.1960679142346051	1.3245036162253048	245	22
14	tau.SUVR.Schaefer200.ROI.idx.14	267	0.9252391652124462	0.9223960530320128	0.11091732718191295	1.3764909858165064	0.37619243824452886	1.1804283413159489	1.1227530421192993	1.1804283413159489	250	17
15	tau.SUVR.Schaefer200.ROI.idx.15	267	0.9345907077664325	0.9367016850066295	0.0924420439273235	1.1725001181001231	0.297127826350632	1.151754037368949	0.9720904447285805	1.151754037368949	253	14
16	tau.SUVR.Schaefer200.ROI.idx.16	267	0.9033236816902325	0.9289147813623271	0.0886929072809458	1.124433941514883	0.2739727550694266	1.1352453376578573	0.9396421263875732	1.1352453376578573	252	15
17	tau.SUVR.Schaefer200.ROI.idx.17	267	0.9503628948334605	0.9329330361032608	0.1163930382267867	1.4239861392775126	0.33279090643714304	1.2037037331353009	1.1995220839271963	1.2037037331353009	255	12
18	tau.SUVR.Schaefer200.ROI.idx.18	267	0.9196910556961011	0.9754869466649614	0.09339423830106326	1.4219223220936323	0.4309817940637609	1.192754434384304	1.131229519476507	1.192754434384304	249	18
19	tau.SUVR.Schaefer200.ROI.idx.19	267	0.9304290004739502	0.9554361075825625	0.10007094957932587	1.1557789200741695	0.2739459735214358	1.1882359483896758	0.9710051688264738	1.1882359483896758	256	11
20	tau.SUVR.Schaefer200.ROI.idx.20	267	0.9112151716200099	0.9366161138085587	0.10394536121766197	1.0913561530975484	0.2602111359713185	1.1784291838936745	0.9158464089980152	1.1784291838936745	255	12
21	tau.SUVR.Schaefer200.ROI.idx.21	267	0.9153381694607451	1.034252189033306	0.093565213902861	1.4254081035765753	0.46011104091580274	1.2519174254804037	1.1150679225268163	1.2519174254804037	252	15
22	tau.SUVR.Schaefer200.ROI.idx.22	267	0.9221972763507126	1.0510996259316183	0.08996829822563528	1.4695448650615568	0.44604201978620484	1.2603971852398979	1.1686940945590036	1.2603971852398979	250	17
23	tau.SUVR.Schaefer200.ROI.idx.23	267	0.8962877319937037	1.0999420700170088	0.08544934300323571	1.3539676634177749	0.32067487615775914	1.2987269674507733	1.1376757463039684	1.2987269674507733	244	23
24	tau.SUVR.Schaefer200.ROI.idx.24	267	0.9541392719143345	1.060143996198979	0.09673319852477036	1.667907639625844	0.22193723152740938	1.2851790669362495	1.5182132517737117	1.5182132517737117	258	9
25	tau.SUVR.Schaefer200.ROI.idx.25	267	0.8911629471070904	1.1285310562703819	0.10953923449356197	1.7938044625012362	0.5314015957878038	1.3833574215585416	1.4353795329045211	1.4353795329045211	242	25
26	tau.SUVR.Schaefer200.ROI.idx.26	267	0.8894843766709599	1.1229985526444268	0.08914551354519083	1.5351858196270336	0.4117893521693329	1.330382028560561	1.257438122348934	1.330382028560561	243	24
27	tau.SUVR.Schaefer200.ROI.idx.27	267	0.9693008224824909	1.0168757841824645	0.09497187462705917	1.5023242130530379	0.19408040268682678	1.2378134028147973	1.3714189707268452	1.3714189707268452	261	6
28	tau.SUVR.Schaefer200.ROI.idx.28	267	0.920736410153303	0.9745706430438089	0.09143931032962496	1.322706849595685	0.2927288354118063	1.187290288232893	1.125264250523586	1.187290288232893	251	16
29	tau.SUVR.Schaefer200.ROI.idx.29	267	0.7222091793003662	1.229773690276134	0.099086807149815	1.8539510074073358	0.566128425448904	1.4602840734346014	1.4721031871474035	1.4721031871474035	206	61
30	tau.SUVR.Schaefer200.ROI.idx.30	267	0.7880726260491108	1.2318113718691803	0.10980995174771867	1.9626048606266921	0.6922443246100105	1.4872675196660134	1.4956931590458309	1.4956931590458309	219	48
31	tau.SUVR.Schaefer200.ROI.idx.31	267	0.7768765656342498	1.1733949984818535	0.09626182564675732	1.7730435230375912	0.6493919377368993	1.397333491926478	1.3350353171740803	1.397333491926478	219	48
32	tau.SUVR.Schaefer200.ROI.idx.32	267	0.8302072863208044	1.1864079256348252	0.11578946222393809	1.902870511997076	0.5859065608749877	1.4557744949158165	1.5076825421142601	1.5076825421142601	230	37
33	tau.SUVR.Schaefer200.ROI.idx.33	267	0.816773107474953	1.0411878421433352	0.10980883825066262	1.5056688749287315	0.5096327228815775	1.2966413995586592	1.1619268269805874	1.2966413995586592	232	35
34	tau.SUVR.Schaefer200.ROI.idx.34	267	0.8598150514795935	1.02924633079659	0.11565034994264772	1.593715444800291	0.4922448355566327	1.2982892765177485	1.2617013486303865	1.2982892765177485	235	32
35	tau.SUVR.Schaefer200.ROI.idx.35	267	0.8911932611573474	1.0889061590589482	0.09689257051843468	1.63512616658828	0.4198664583616822	1.3143119844948614	1.3519305439721954	1.3519305439721954	243	24
36	tau.SUVR.Schaefer200.ROI.idx.36	267	0.8968029592746234	1.1004138977808147	0.09964199481016281	1.7255983788224132	0.461866775882998	1.3322158405726259	1.41407397253322	1.41407397253322	245	22
37	tau.SUVR.Schaefer200.ROI.idx.37	267	0.9029913368737295	0.9882867163183737	0.11014699676828583	1.551093965111564	0.46029486173665574	1.2445269480822594	1.2406297988022672	1.2445269480822594	244	23
38	tau.SUVR.Schaefer200.ROI.idx.38	267	0.8904888148907337	0.9882730291578239	0.10859921899581648	1.3962658727877186	0.4453073418323375	1.2409125913912378	1.095910635034744	1.2409125913912378	246	21
39	tau.SUVR.Schaefer200.ROI.idx.39	267	0.8971928788337752	1.0925115158271648	0.10245410933088886	1.8009478922232882	0.4745302207940797	1.3308554152558265	1.480882122139398	1.480882122139398	249	18
40	tau.SUVR.Schaefer200.ROI.idx.40	267	0.8938438947063392	1.0897655864415285	0.10598845146112534	1.7038138803709235	0.43871799350144264	1.3363315951709989	1.407903090527609	1.407903090527609	246	21
41	tau.SUVR.Schaefer200.ROI.idx.41	267	0.7903391098021338	1.107382486563179	0.09447285073167304	1.3087005512909071	0.24108924274137386	1.3271592020173848	1.1460883281793153	1.3271592020173848	237	30
42	tau.SUVR.Schaefer200.ROI.idx.42	267	0.9043075655227525	1.19425092848448	0.108048218779548	1.5194775866983656	0.39585079829914777	1.4456086725361816	1.252480280638654	1.4456086725361816	249	18
43	tau.SUVR.Schaefer200.ROI.idx.43	267	0.9508641445394077	1.0900134839835223	0.10306390600022051	1.8031627173714633	0.28802028475919433	1.3297759825974809	1.60889598745283	1.60889598745283	258	9
44	tau.SUVR.Schaefer200.ROI.idx.44	267	0.909753870214779	1.1158147507492178	0.10427371055129972	1.5983968509153001	0.4042978107752136	1.3583916756085843	1.3257021215207037	1.3583916756085843	245	22
45	tau.SUVR.Schaefer200.ROI.idx.45	267	0.9002041212335621	1.1023772470475894	0.0988792027515107	1.4690611212913063	0.4022843910355556	1.3324046701554202	1.1977244228739514	1.3324046701554202	248	19
46	tau.SUVR.Schaefer200.ROI.idx.46	267	0.9019061217709013	0.9844414007820965	0.1032208811776145	1.3882984334022177	0.4421214321669249	1.2245690782662628	1.0900920590636147	1.2245690782662628	248	19
47	tau.SUVR.Schaefer200.ROI.idx.47	267	0.8408550311375304	1.0729364988448076	0.11532221896415056	1.7100268140331756	0.5286911204554592	1.3412160977617322	1.3534300722662862	1.3534300722662862	231	36
48	tau.SUVR.Schaefer200.ROI.idx.48	267	0.8972519724538927	1.1192028578811872	0.1066360113903073	1.64371922617929	0.48114190000775214	1.367275316275224	1.319193946234193	1.367275316275224	244	23
49	tau.SUVR.Schaefer200.ROI.idx.49	267	0.8617617793704253	1.180861925787373	0.10230084167540443	1.5066352805015109	0.379435829174556	1.4188492713315393	1.2507097028661214	1.4188492713315393	241	26
50	tau.SUVR.Schaefer200.ROI.idx.50	267	0.9269487418703982	1.092250370556282	0.1090505688117151	1.3802299402794116	0.44069620015074307	1.3459399294743606	1.0829848703273743	1.3459399294743606	255	12
51	tau.SUVR.Schaefer200.ROI.idx.51	267	0.9307424817400024	1.1965278428283812	0.12413006613521153	1.6913194289486204	0.4224373117116991	1.4852975582865802	1.406389792098692	1.4852975582865802	248	19
52	tau.SUVR.Schaefer200.ROI.idx.52	267	0.9401535376519493	1.1822927632790605	0.11957314274998787	1.5533504127333648	0.5004011030698613	1.4604614897078774	1.2158349977259304	1.4604614897078774	252	15
53	tau.SUVR.Schaefer200.ROI.idx.53	267	0.5515116531146408	1.1393209793134247	0.0907113552039477	1.4690386349041122	0.3201891056850709	1.3503471476434925	1.253074364995082	1.3503471476434925	188	79
54	tau.SUVR.Schaefer200.ROI.idx.54	267	0.6550657912853698	1.2170176280512743	0.09484546633515269	1.6918223162808579	0.46629056667074964	1.4376611770224694	1.3773141084483145	1.4376611770224694	197	70
55	tau.SUVR.Schaefer200.ROI.idx.55	267	0.6379716554736615	1.0796900750188236	0.09422402590105013	1.3913232358948888	0.30655143353631253	1.2988879373573012	1.1845574360667306	1.2988879373573012	203	64
56	tau.SUVR.Schaefer200.ROI.idx.56	267	0.9144031843385484	1.1241238627580818	0.12912889200479624	1.4312220172934182	0.35465641232958695	1.4245225861506896	1.1920099023357966	1.4245225861506896	253	14
57	tau.SUVR.Schaefer200.ROI.idx.57	267	0.7877744908097659	1.2049812315608612	0.11334421548910088	1.8817242855042753	0.6821911254269167	1.4686593062987585	1.4215933637290903	1.4686593062987585	223	44
58	tau.SUVR.Schaefer200.ROI.idx.58	267	0.8009900612138914	1.1203254781184155	0.10509480875793101	1.7339510778086518	0.5376347623634201	1.3648125630451577	1.3713219412454187	1.3713219412454187	223	44
59	tau.SUVR.Schaefer200.ROI.idx.59	267	0.8506690490440012	1.0818393623756346	0.11021576248279201	1.7257950169630123	0.5662979797198795	1.3382395671132685	1.343832834085205	1.343832834085205	232	35
60	tau.SUVR.Schaefer200.ROI.idx.60	267	0.8575210760661649	1.0982073058481026	0.11091907874369959	1.7168979136246683	0.5030892760652832	1.3562436688740773	1.3775693534850677	1.3775693534850677	235	32
61	tau.SUVR.Schaefer200.ROI.idx.61	267	0.8515929164554735	1.0261873253098324	0.09838493634310375	1.5251434934941857	0.5051726225301374	1.2550649128092557	1.1844097375179339	1.2550649128092557	235	32
62	tau.SUVR.Schaefer200.ROI.idx.62	267	0.8712828292400622	1.114569997868846	0.09499129582528487	1.4918862524628598	0.4190053976423332	1.3355527969643826	1.2092714064762724	1.3355527969643826	239	28
63	tau.SUVR.Schaefer200.ROI.idx.63	267	0.9123050637771501	1.1274159520897917	0.11254251083536174	1.7333358616448702	0.4999748459190528	1.3892289829108544	1.3961079527166038	1.3961079527166038	244	23
64	tau.SUVR.Schaefer200.ROI.idx.64	267	0.8715257297466897	1.0957629883225755	0.09700467939086833	1.5458358265942778	0.4672798746404906	1.3214296179955358	1.2306603406763568	1.3214296179955358	240	27
65	tau.SUVR.Schaefer200.ROI.idx.65	267	0.9053474177390884	1.10822878546017	0.10759758520789894	1.8243036036503764	0.45552782629735783	1.3585381990604946	1.5170547538837074	1.5170547538837074	248	19
66	tau.SUVR.Schaefer200.ROI.idx.66	267	0.9435221650535635	1.0412935006635546	0.12608523501110658	1.170835243239459	0.4872521661619407	1.334611619079583	0.842188651402392	1.334611619079583	260	7
67	tau.SUVR.Schaefer200.ROI.idx.67	267	0.7337141721480841	1.2026248871496918	0.10714678390775037	1.8878219191435082	0.6266227246351375	1.4518855801038009	1.465171314137166	1.465171314137166	212	55
68	tau.SUVR.Schaefer200.ROI.idx.68	267	0.7985992089834608	1.1011168655793067	0.11596825036117965	1.6633103157633728	0.5999305608093168	1.3708993582632736	1.2586633016681015	1.3708993582632736	226	41
69	tau.SUVR.Schaefer200.ROI.idx.69	267	0.8595040020009068	1.027149445084985	0.12187950011537982	1.529425555257994	0.4779667915624958	1.3106835610675598	1.2070418534149836	1.3106835610675598	236	31
70	tau.SUVR.Schaefer200.ROI.idx.70	267	0.888147360176355	1.1149266280560486	0.10844932943021109	1.4419282412042937	0.430536981257565	1.3672174950171754	1.1515354602657035	1.3672174950171754	245	22
71	tau.SUVR.Schaefer200.ROI.idx.71	267	0.9247520363287599	1.1354656393910338	0.10835606526822447	1.7470951302283373	0.4551220117863548	1.387539541467199	1.4401199981898207	1.4401199981898207	251	16
72	tau.SUVR.Schaefer200.ROI.idx.72	267	0.831593273125272	1.1258318082712968	0.09509596072911279	1.6269706854214159	0.4951913161083378	1.3470580943433401	1.2929692183202341	1.3470580943433401	229	38
73	tau.SUVR.Schaefer200.ROI.idx.73	267	0.8701843452991368	1.0881899975820868	0.11708799981275601	1.6087746683347932	0.5476898740677593	1.3605774170221867	1.2393634619899068	1.3605774170221867	239	28
74	tau.SUVR.Schaefer200.ROI.idx.74	267	0.8353108234068712	1.0708690047380216	0.11411447972980217	1.422439826258141	0.41940822642768466	1.3363389820547242	1.1395532763847502	1.3363389820547242	239	28
75	tau.SUVR.Schaefer200.ROI.idx.75	267	0.8033697137671646	1.1522263178157743	0.11181870984926102	1.7140684552473138	0.590881657456662	1.412355535751593	1.3155248337139231	1.412355535751593	227	40
76	tau.SUVR.Schaefer200.ROI.idx.76	267	0.8327962734756488	1.1015558874016445	0.09832932530426486	1.5170547102089282	0.4009885894898679	1.3303041042790917	1.246592016652428	1.3303041042790917	231	36
77	tau.SUVR.Schaefer200.ROI.idx.77	267	0.8414523025749089	1.1951421117841527	0.09936238385752248	1.7949322249966069	0.5304662946565628	1.4262935822307306	1.4371381464262607	1.4371381464262607	230	37
78	tau.SUVR.Schaefer200.ROI.idx.78	267	0.8182955743724031	1.149885102237994	0.10973834249352575	1.71535416403834	0.4647928226312077	1.4051746619985739	1.4018561692088851	1.4051746619985739	225	42
79	tau.SUVR.Schaefer200.ROI.idx.79	267	0.8513737213791223	1.1676442664100797	0.1053984984316644	1.749897495016332	0.5079633232503973	1.4128378391636796	1.4072814400084	1.4128378391636796	230	37
80	tau.SUVR.Schaefer200.ROI.idx.80	267	0.9396539336461674	1.1579153884988607	0.11670470154702266	1.5314160075259615	0.6095688677215477	1.4294111228333484	1.1202680542091463	1.4294111228333484	253	14
81	tau.SUVR.Schaefer200.ROI.idx.81	267	0.9541504065880434	1.0932549331982244	0.11420383488449976	1.6722799816335852	0.37234156159072124	1.3589327816890924	1.4211394147686405	1.4211394147686405	258	9
82	tau.SUVR.Schaefer200.ROI.idx.82	267	0.9597410422957778	1.1481473025610425	0.11365312112234074	1.7120407164304294	0.4692385648092676	1.4125439992621067	1.3955441140698586	1.4125439992621067	258	9
83	tau.SUVR.Schaefer200.ROI.idx.83	267	0.8391072360064951	1.2190072231543088	0.1363214842200005	1.7639783780711205	0.522237293081195	1.5361384181555997	1.4117346767177072	1.5361384181555997	233	34
84	tau.SUVR.Schaefer200.ROI.idx.84	267	0.7230195703539158	1.2227946077295275	0.10539249881157624	1.8263289087827173	0.5676237122310306	1.4679742232796902	1.4434725329146367	1.4679742232796902	209	58
85	tau.SUVR.Schaefer200.ROI.idx.85	267	0.8033609761436437	1.1881724801293323	0.11034482018006907	1.7029400884327361	0.526147591895659	1.4448729179666553	1.3480589306087631	1.4448729179666553	226	41
86	tau.SUVR.Schaefer200.ROI.idx.86	267	0.7598719742099984	1.2201994701300558	0.10196611482712896	1.7794164773258758	0.551154174577262	1.457408124582352	1.4076686357957306	1.457408124582352	215	52
87	tau.SUVR.Schaefer200.ROI.idx.87	267	0.8409827508675973	1.1500156133612276	0.1252035527607962	1.8415650041263203	0.6287951097509625	1.4412826321486667	1.4174491476258757	1.4412826321486667	230	37
88	tau.SUVR.Schaefer200.ROI.idx.88	267	0.9517768706755575	1.0723663129816827	0.11061638079850643	1.620248185521396	0.37386866536429886	1.3296984952863808	1.3680776028136874	1.3680776028136874	257	10
89	tau.SUVR.Schaefer200.ROI.idx.89	267	0.9221596790102226	0.9879581353425809	0.11527765070760601	1.519728495268078	0.37264304375761154	1.2561340529906433	1.268384581771699	1.268384581771699	248	19
90	tau.SUVR.Schaefer200.ROI.idx.90	267	0.8644012428947165	1.1009311035964735	0.1053416558156309	1.4187280167207157	0.394855808393657	1.345992440651109	1.152401821153806	1.345992440651109	241	26
91	tau.SUVR.Schaefer200.ROI.idx.91	267	0.866663469902222	0.9602560537998264	0.11197689980387886	1.4080383974706052	0.43843023911220536	1.2207532766002647	1.1123216950134054	1.2207532766002647	240	27
92	tau.SUVR.Schaefer200.ROI.idx.92	267	0.9199509390866829	1.147064476038382	0.12004947686919179	1.5037551366199977	0.3285460980157701	1.426341321332742	1.2821541610414435	1.426341321332742	250	17
93	tau.SUVR.Schaefer200.ROI.idx.93	267	0.8472228528462452	1.2278420379925605	0.10657706050138502	1.5032640333644482	0.3391169028905964	1.4757773561114802	1.274533158246501	1.4757773561114802	240	27
94	tau.SUVR.Schaefer200.ROI.idx.94	267	0.946651646088066	1.1552896760784293	0.11300715472122713	1.5964334457169023	0.31612823679699303	1.418183630215561	1.3832081902497706	1.418183630215561	252	15
95	tau.SUVR.Schaefer200.ROI.idx.95	267	0.9401504459046505	1.0913406652525357	0.10282769472373424	1.645936167932978	0.41991999931069374	1.330553654265616	1.3627044324955695	1.3627044324955695	254	13
96	tau.SUVR.Schaefer200.ROI.idx.96	267	0.7878234623316718	1.1247194410923256	0.11596125391467392	1.7024979605066828	0.6679303382816398	1.394485657607838	1.251985793490715	1.394485657607838	223	44
97	tau.SUVR.Schaefer200.ROI.idx.97	267	0.9073393209035255	1.0923358444571343	0.10309602149983277	1.6334236528052253	0.4673754509308763	1.3321730548953397	1.3181837016590774	1.3321730548953397	243	24
98	tau.SUVR.Schaefer200.ROI.idx.98	267	0.7046024436601933	1.1246618138114577	0.10364188931637852	1.4584999349760224	0.2753120072464572	1.3657689026841915	1.2728048079823775	1.3657689026841915	215	52
99	tau.SUVR.Schaefer200.ROI.idx.99	267	0.8107015011132848	1.1679048499824511	0.09787653880601925	1.7752706127130318	0.5835180332539491	1.3955997279523105	1.3816936802286666	1.3955997279523105	224	43
100	tau.SUVR.Schaefer200.ROI.idx.100	267	0.7875981367104951	1.2056240352838477	0.09375563847136162	1.8305468309091868	0.6173872157869883	1.4237322655210418	1.4141254819587665	1.4237322655210418	221	46
101	tau.SUVR.Schaefer200.ROI.idx.101	267	0.7456957661098816	1.1822735093454932	0.08486220806478982	1.6927030498994606	0.5361499565743316	1.379692526663429	1.3310753996219997	1.379692526663429	210	57
102	tau.SUVR.Schaefer200.ROI.idx.102	267	0.8413088859137303	1.1552173185829382	0.12914819712327705	1.9529929886246533	0.6520904480771862	1.4556609523968818	1.5131646651958208	1.5131646651958208	235	32
103	tau.SUVR.Schaefer200.ROI.idx.103	267	0.8674910229627615	1.0881184042588377	0.08420545159691874	1.4240743315586724	0.405867183488928	1.284009577563979	1.150321076354438	1.284009577563979	241	26
104	tau.SUVR.Schaefer200.ROI.idx.104	267	0.809505304827226	1.0760973522256077	0.10694440007428074	1.6056766584730298	0.6154029494298825	1.3248872299789844	1.1905936768421364	1.3248872299789844	226	41
105	tau.SUVR.Schaefer200.ROI.idx.105	267	0.7835901778608546	1.150122728044699	0.12067287261862815	1.7214297359817679	0.5847887225624075	1.4308498087154464	1.3269957365831637	1.4308498087154464	219	48
106	tau.SUVR.Schaefer200.ROI.idx.106	267	0.79287040319802	1.087429969527119	0.10517067036260047	1.6001723033103117	0.5949552872702385	1.3320935349366052	1.1988810602215705	1.3320935349366052	221	46
107	tau.SUVR.Schaefer200.ROI.idx.107	267	0.9537857886967742	1.1245612794753732	0.11021855598166191	1.8592314751160124	0.5384822718928698	1.3809679828631645	1.496030702061972	1.496030702061972	258	9
108	tau.SUVR.Schaefer200.ROI.idx.108	267	0.936147264015892	1.0592557957779773	0.11028782731967186	1.5889978201254091	0.382290610101356	1.31582364839568	1.3311467220158377	1.3311467220158377	253	14
109	tau.SUVR.Schaefer200.ROI.idx.109	267	0.9179828602415059	1.11272116416051	0.08501527240920517	1.4510193740459867	0.4061758162039881	1.3104962623906677	1.177057949238869	1.3104962623906677	249	18
110	tau.SUVR.Schaefer200.ROI.idx.110	267	0.9270306437877699	1.0932821167219824	0.09623943429187778	1.522551372635995	0.4901377369958002	1.3171685200857859	1.1919584928480247	1.3171685200857859	251	16
111	tau.SUVR.Schaefer200.ROI.idx.111	267	0.9237869957847606	1.1117498716206042	0.09992867893478846	1.7478629787563063	0.541128554648535	1.3442187414162596	1.3828773151074492	1.3828773151074492	248	19
112	tau.SUVR.Schaefer200.ROI.idx.112	267	0.9067362434285594	1.0254826404300919	0.14708065840560808	1.5546064178208394	0.6181420410892352	1.3676434174245062	1.137675946940865	1.3676434174245062	248	19
113	tau.SUVR.Schaefer200.ROI.idx.113	267	0.9296148339194626	0.9374760447446061	0.10262337954440874	1.4473934593325208	0.3935936874157903	1.176213725574628	1.1819185514286898	1.1819185514286898	250	17
114	tau.SUVR.Schaefer200.ROI.idx.114	267	0.9594248063825463	0.9581217623305273	0.0906721641792406	1.424005707869569	0.29864824568641674	1.169056758703586	1.2225705272400396	1.2225705272400396	258	9
115	tau.SUVR.Schaefer200.ROI.idx.115	267	0.9342402581581162	1.0762590035934168	0.10948929922776506	1.4575155714191836	0.4002088397141926	1.33096920208215	1.1875788110940941	1.33096920208215	253	14
116	tau.SUVR.Schaefer200.ROI.idx.116	267	0.960232256460836	0.940212612354762	0.0912612268618049	1.4147029512331901	0.29927565966283404	1.1525179734470812	1.2128445863074375	1.2128445863074375	258	9
117	tau.SUVR.Schaefer200.ROI.idx.117	267	0.9347133398411377	1.00731222336472	0.12271936688377227	1.642869234581351	0.49607753421265904	1.2928001616184224	1.3082700224523662	1.3082700224523662	252	15
118	tau.SUVR.Schaefer200.ROI.idx.118	267	0.9810082711322182	0.9230856895596143	0.1030471699992281	1.505484082873843	0.1140463361912449	1.1628092544132442	1.428560998065432	1.428560998065432	263	4
119	tau.SUVR.Schaefer200.ROI.idx.119	267	0.9597445580392483	0.9340442705599471	0.11584013143610764	1.5885983160749932	0.46318308009300707	1.2035287140549482	1.2761860760880093	1.2761860760880093	259	8
120	tau.SUVR.Schaefer200.ROI.idx.120	267	0.8957623595833953	0.9701158304145218	0.0906626381424855	1.358341139566492	0.43792840736214783	1.1810286659122275	1.062962917481029	1.1810286659122275	245	22
121	tau.SUVR.Schaefer200.ROI.idx.121	267	0.9095844091935323	0.9505996883903461	0.10333948816071592	1.1927724326718863	0.32077286314076014	1.1910032869774967	0.976414424342393	1.1910032869774967	252	15
122	tau.SUVR.Schaefer200.ROI.idx.122	267	0.9599609379978185	0.9178046570592098	0.10695846384591737	1.289095309386895	0.18470388943595265	1.1666272520378342	1.1645144291409948	1.1666272520378342	258	9
123	tau.SUVR.Schaefer200.ROI.idx.123	267	0.9700814112593235	0.907672922296718	0.10554234261765491	1.420303721397925	0.36011257865442836	1.15320112666659	1.1774114781788327	1.1774114781788327	259	8
124	tau.SUVR.Schaefer200.ROI.idx.124	267	0.8883402742818823	1.0266777437268926	0.09116046118082481	1.265533523639816	0.3241753751372462	1.2387486887914874	1.0468805558437737	1.2387486887914874	248	19
125	tau.SUVR.Schaefer200.ROI.idx.125	267	0.8715050339386907	1.0384799904158095	0.11131833930706019	1.4523420056752292	0.39301284069092457	1.2974451724045466	1.187258872933755	1.2974451724045466	240	27
126	tau.SUVR.Schaefer200.ROI.idx.126	267	0.9380372860037778	1.1221550920361416	0.10128341905041717	1.5259674952476614	0.38886888989583757	1.3577755586196678	1.2636794148427903	1.3577755586196678	251	16
127	tau.SUVR.Schaefer200.ROI.idx.127	267	0.9129764016385916	1.08297989271773	0.09649774089111632	1.4475014768543413	0.34459344789397744	1.307467207089523	1.2150767282651258	1.307467207089523	249	18
128	tau.SUVR.Schaefer200.ROI.idx.128	267	0.928561739463834	1.0368118041094936	0.09857764414818718	1.4241947479808819	0.3289689793877925	1.2661376970015839	1.2023085432513496	1.2661376970015839	250	17
129	tau.SUVR.Schaefer200.ROI.idx.129	267	0.9597998176600849	1.0872407095725947	0.11011110518164148	1.6965444602506925	0.41679320654411367	1.3433974450201944	1.4154217144853294	1.4154217144853294	259	8
130	tau.SUVR.Schaefer200.ROI.idx.130	267	0.966428677971828	1.004593426665797	0.09619008400003391	1.4497248982282236	0.3150213730329579	1.2283650240830863	1.237246211024797	1.237246211024797	259	8
131	tau.SUVR.Schaefer200.ROI.idx.131	267	0.7470805043057616	1.232447218197424	0.10588182897426786	1.8504495643079222	0.579525004070752	1.4787651859312685	1.4595658890798573	1.4787651859312685	211	56
132	tau.SUVR.Schaefer200.ROI.idx.132	267	0.7647908145052356	1.197795620866206	0.09479670908095686	1.748620455781434	0.5053284092812936	1.4183257435027585	1.407781623238311	1.4183257435027585	213	54
133	tau.SUVR.Schaefer200.ROI.idx.133	267	0.7909823411056114	1.1637005558598355	0.10628144125465816	1.7562557541341801	0.49619908842671206	1.4109481607726067	1.4215745549337235	1.4215745549337235	218	49
134	tau.SUVR.Schaefer200.ROI.idx.134	267	0.8273760095611223	1.0305488861808993	0.10890990422816565	1.463115288678133	0.4782050000797357	1.2839112103440846	1.1405709176318346	1.2839112103440846	236	31
135	tau.SUVR.Schaefer200.ROI.idx.135	267	0.8459622003784342	1.094809423323599	0.10157673300252223	1.677143358952486	0.4368145586462787	1.3311122401960311	1.3825164164091457	1.3825164164091457	234	33
136	tau.SUVR.Schaefer200.ROI.idx.136	267	0.8541432799422816	1.059475292632284	0.10859817234339447	1.5906747769154599	0.46728081531711785	1.3121124199880612	1.2754986565207957	1.3121124199880612	236	31
137	tau.SUVR.Schaefer200.ROI.idx.137	267	0.8937245666861556	1.0699367651430003	0.09375485681364973	1.5942116631675114	0.44863700368121123	1.2880431769724383	1.2916106026258527	1.2916106026258527	240	27
138	tau.SUVR.Schaefer200.ROI.idx.138	267	0.9011023628470078	1.100426857315008	0.10091736928870867	1.6967506627306914	0.44420047323790873	1.3351957648135904	1.3971419964994731	1.3971419964994731	248	19
139	tau.SUVR.Schaefer200.ROI.idx.139	267	0.8452578482807369	1.0211751069410406	0.11136394953315674	1.4438123695753269	0.48742618442143093	1.280246394182292	1.1150484042058866	1.280246394182292	237	30
140	tau.SUVR.Schaefer200.ROI.idx.140	267	0.9083391185141032	0.9776929616374531	0.11556023782218916	1.4553361497355461	0.5079788202260866	1.2465262752187574	1.1127096421763527	1.2465262752187574	247	20
141	tau.SUVR.Schaefer200.ROI.idx.141	267	0.8779997435490894	1.0647407007508634	0.09617307712661213	1.6323404438560924	0.528842889542369	1.2884727342643238	1.275641335395686	1.2884727342643238	238	29
142	tau.SUVR.Schaefer200.ROI.idx.142	267	0.8300586932430613	1.1031303129445587	0.09156346902084572	1.5284810984506383	0.4007371642431401	1.316138794441008	1.2581879886459966	1.316138794441008	232	35
143	tau.SUVR.Schaefer200.ROI.idx.143	267	0.9030202051252562	1.023618619361473	0.10919679216015403	1.5977421720658307	0.463535417291473	1.2776483446553275	1.2850922842498684	1.2850922842498684	244	23
144	tau.SUVR.Schaefer200.ROI.idx.144	267	0.8155949506837119	1.080333281906806	0.10706752118406315	1.3290837261296242	0.2750893051310569	1.3294095821921748	1.143538809430164	1.3294095821921748	239	28
145	tau.SUVR.Schaefer200.ROI.idx.145	267	0.8439326821972974	1.0957035773862094	0.09605890613374349	1.3781118379920703	0.318282832424136	1.3191700094531327	1.1634333298586135	1.3191700094531327	237	30
146	tau.SUVR.Schaefer200.ROI.idx.146	267	0.8871474081599481	1.1419424828884093	0.09783780519080972	1.4673995907106496	0.3608491280151476	1.369547252994872	1.2240105524972387	1.369547252994872	245	22
147	tau.SUVR.Schaefer200.ROI.idx.147	267	0.9125923638202669	1.09920069559982	0.10490146869888467	1.5541234644084092	0.38505421416050467	1.3432380042912326	1.294408343687342	1.3432380042912326	248	19
148	tau.SUVR.Schaefer200.ROI.idx.148	267	0.9414456898816456	1.1249178940478053	0.11230189524377643	1.5223671692168677	0.47546557243794185	1.3861711692989225	1.2016705140363633	1.3861711692989225	255	12
149	tau.SUVR.Schaefer200.ROI.idx.149	267	0.8625133248880864	1.0991739275057764	0.09667433753384001	1.541171445185818	0.38860320775967716	1.3240720671019321	1.2790625646585974	1.3240720671019321	237	30
150	tau.SUVR.Schaefer200.ROI.idx.150	267	0.8693054529310893	0.9622299338747904	0.10189529546262181	1.341984598338483	0.4190834131661616	1.1992738378490246	1.0593171316807173	1.1992738378490246	240	27
151	tau.SUVR.Schaefer200.ROI.idx.151	267	0.8227098386420322	1.1167095191383662	0.11730531910882531	1.7155238485831352	0.5452756742047505	1.389602498860865	1.3477409953007728	1.389602498860865	228	39
152	tau.SUVR.Schaefer200.ROI.idx.152	267	0.898405597998547	1.1340024480190658	0.10423788975607094	1.635078685801147	0.45556794210342755	1.3764960412476055	1.327802778334463	1.3764960412476055	241	26
153	tau.SUVR.Schaefer200.ROI.idx.153	267	0.9047018566585053	1.127079638827399	0.10275899251777698	1.780905347893994	0.48570134746243915	1.3661328026097086	1.453304767374153	1.453304767374153	249	18
154	tau.SUVR.Schaefer200.ROI.idx.154	267	0.8782344161067169	1.1776764134439823	0.11106779374572245	1.526273945639203	0.37142601366357303	1.436058739298751	1.275750906466933	1.436058739298751	243	24
155	tau.SUVR.Schaefer200.ROI.idx.155	267	0.8629817316582193	1.1869389008793436	0.10492816491886488	1.5332858240969154	0.38290152663016547	1.4310383142653522	1.2750226690504367	1.4310383142653522	241	26
156	tau.SUVR.Schaefer200.ROI.idx.156	267	0.8766590353239803	1.122434152310015	0.09659209471567237	1.4204169695065576	0.40545925837163227	1.3471409665009715	1.1469388556127869	1.3471409665009715	247	20
157	tau.SUVR.Schaefer200.ROI.idx.157	267	0.899352405898989	1.2164255789833684	0.11416317178334151	1.5697691970677567	0.47614355567182753	1.482008830955305	1.2486152491451916	1.482008830955305	247	20
158	tau.SUVR.Schaefer200.ROI.idx.158	267	0.9063150579600872	1.1810345759625702	0.11911632447308837	1.5617819208861352	0.3726639527294899	1.458140584164099	1.3104239045025372	1.458140584164099	245	22
159	tau.SUVR.Schaefer200.ROI.idx.159	267	0.9083552539571533	1.1390750199677975	0.10673109210019219	1.4784603528659923	0.4860302554236263	1.3873686691691374	1.1506379272975726	1.3873686691691374	247	20
160	tau.SUVR.Schaefer200.ROI.idx.160	267	0.9187840646129918	1.0838697174730376	0.11306711590766046	1.5435166681739092	0.3976688570210231	1.3469031621887535	1.275293100141038	1.3469031621887535	247	20
161	tau.SUVR.Schaefer200.ROI.idx.161	267	0.8447797114623764	1.153614035654183	0.15174185517704694	1.6617779544704012	0.42357844120554367	1.5066183778483202	1.3760786374732283	1.5066183778483202	238	29
162	tau.SUVR.Schaefer200.ROI.idx.162	267	0.653857613316658	1.2162310469111475	0.10374049963285266	1.6831300127238213	0.47474641030711606	1.4575675376839694	1.362918425029288	1.4575675376839694	197	70
163	tau.SUVR.Schaefer200.ROI.idx.163	267	0.5174923893035599	1.1130800696884284	0.0981490424732737	1.3784107034739568	0.2851959556518518	1.3414088859852735	1.1860489545894064	1.3414088859852735	195	72
164	tau.SUVR.Schaefer200.ROI.idx.164	267	0.6963031299133988	1.1884981461178954	0.10229960649345501	1.7149371699648879	0.4595743054125022	1.4264826181991597	1.4049590115106714	1.4264826181991597	201	66
165	tau.SUVR.Schaefer200.ROI.idx.165	267	0.7945297074858805	1.107754451333505	0.10482844105186534	1.7102429532776016	0.5007438597705793	1.351621872313528	1.3724963523887217	1.3724963523887217	222	45
166	tau.SUVR.Schaefer200.ROI.idx.166	267	0.8673230743380119	1.0902469873930243	0.10503211767573868	1.7993010260289461	0.5144465085176556	1.334588231053987	1.4523121290096261	1.4523121290096261	241	26
167	tau.SUVR.Schaefer200.ROI.idx.167	267	0.8385097287924217	1.0368260986241398	0.10292072249511597	1.554509715309815	0.4796047972097145	1.2762555025954008	1.2310211954469923	1.2762555025954008	232	35
168	tau.SUVR.Schaefer200.ROI.idx.168	267	0.8645194903281755	1.0784158194318756	0.09014232754038179	1.484004410964026	0.33513722325107664	1.2881182314665365	1.2579577889719988	1.2881182314665365	235	32
169	tau.SUVR.Schaefer200.ROI.idx.169	267	0.8340889906233208	1.1186033139628546	0.09274144014450306	1.503612184753755	0.36494648483232617	1.3343521660785056	1.257459521364261	1.3343521660785056	232	35
170	tau.SUVR.Schaefer200.ROI.idx.170	267	0.9290379050830735	1.0140571367184976	0.13791893856722523	1.084303242685663	0.44813870787614984	1.3349045662443322	0.7820382775570838	1.3349045662443322	259	8
171	tau.SUVR.Schaefer200.ROI.idx.171	267	0.7319090434454306	1.2169902126831393	0.11009611523750097	1.8430650174994094	0.5733779133285374	1.4731120763060557	1.4563274919704936	1.4731120763060557	206	61
172	tau.SUVR.Schaefer200.ROI.idx.172	267	0.67246361712374	1.176737719149415	0.09746213912674945	1.7781842285201752	0.5509362011476452	1.4034685593064018	1.4065834078341217	1.4065834078341217	195	72
173	tau.SUVR.Schaefer200.ROI.idx.173	267	0.8275481808269004	1.0929788940554728	0.1406992085354461	1.7675403233983655	0.5556740780948594	1.4202941987111375	1.3927438532737257	1.4202941987111375	228	39
174	tau.SUVR.Schaefer200.ROI.idx.174	267	0.829125267203006	1.1039729094958513	0.12364219147526742	1.7174462345316865	0.5989841922248536	1.3916076587760908	1.3134375363465431	1.3916076587760908	228	39
175	tau.SUVR.Schaefer200.ROI.idx.175	267	0.8480874493963702	1.0686450642873442	0.11074269598688294	1.5881551635414175	0.4419880063195214	1.326271099661981	1.2900387835692992	1.326271099661981	234	33
176	tau.SUVR.Schaefer200.ROI.idx.176	267	0.8473742106808689	1.0417498905182698	0.10082469540420569	1.5618582223545658	0.4574621698049761	1.2763032063226596	1.25330467771865	1.2763032063226596	232	35
177	tau.SUVR.Schaefer200.ROI.idx.177	267	0.9202298185681761	1.1986288933103917	0.10897414936378244	1.6859926988120073	0.44432226564363925	1.4521406740082365	1.386301884851472	1.4521406740082365	247	20
178	tau.SUVR.Schaefer200.ROI.idx.178	267	0.9159929536428325	1.1400663421536972	0.10815324457410644	1.8002520289566015	0.44316418493419396	1.3916684127392893	1.501342328564487	1.501342328564487	250	17
179	tau.SUVR.Schaefer200.ROI.idx.179	267	0.8848687695808581	1.010719973028747	0.1056903659158762	1.4950449093233722	0.4099707242897956	1.2565925310837447	1.2185238579094413	1.2565925310837447	241	26
180	tau.SUVR.Schaefer200.ROI.idx.180	267	0.885588208767168	1.0414521594697939	0.10961294374638089	1.689989116870495	0.41340063909543867	1.2964499981215458	1.411154623076112	1.411154623076112	244	23
181	tau.SUVR.Schaefer200.ROI.idx.181	267	0.8878745901183202	1.1580536678693545	0.10952269147303849	1.7271519403394031	0.49626957537047767	1.412841548336889	1.3924231984178541	1.412841548336889	242	25
182	tau.SUVR.Schaefer200.ROI.idx.182	267	0.8487763128595325	1.141234336811176	0.10469681148732488	1.687544924409386	0.5160763657927835	1.3847955416335693	1.3394567053637099	1.3847955416335693	233	34
183	tau.SUVR.Schaefer200.ROI.idx.183	267	0.7842560458858107	1.0749951100971136	0.09355987798398183	1.4150362437350124	0.39374559879519194	1.2926479333406706	1.1494588731628368	1.2926479333406706	229	38
184	tau.SUVR.Schaefer200.ROI.idx.184	267	0.7965412266037775	1.1824449335405411	0.10141648281372888	1.8066942441622655	0.5035714341658084	1.4183749527269593	1.4670404733258868	1.4670404733258868	225	42
185	tau.SUVR.Schaefer200.ROI.idx.185	267	0.8652063252710517	1.0921212852406212	0.10500838033852121	1.698600049397529	0.4457641580439502	1.3364073075976126	1.3979366937920983	1.3979366937920983	239	28
186	tau.SUVR.Schaefer200.ROI.idx.186	267	0.8068627060179465	1.1766254366208797	0.08940220282827865	1.7063898228146908	0.47000318860966467	1.3846060611050142	1.389377489537996	1.389377489537996	224	43
187	tau.SUVR.Schaefer200.ROI.idx.187	267	0.9295728021135884	1.1566716227359217	0.10769208950504308	1.5754894715390355	0.4819106655150045	1.4072008862069951	1.2504456671389925	1.4072008862069951	250	17
188	tau.SUVR.Schaefer200.ROI.idx.188	267	0.9740716208361974	1.0302284501950636	0.12548730828672447	1.3557150533050115	0.6203207280829736	1.3221555830469933	0.937315080378875	1.3221555830469933	263	4
189	tau.SUVR.Schaefer200.ROI.idx.189	267	0.9020706630996391	1.0734271105667683	0.09502911336820487	1.4896089342459349	0.3487112520151561	1.2944978864228782	1.2544067689836693	1.2944978864228782	244	23
190	tau.SUVR.Schaefer200.ROI.idx.190	267	0.7772841551579629	1.1737206128675644	0.11139145132637372	1.8434542193980437	0.5539297824655662	1.4328558788469983	1.469834258796674	1.469834258796674	221	46
191	tau.SUVR.Schaefer200.ROI.idx.191	267	0.8585430637070386	1.2052824394423893	0.13229909846733273	1.7951335737575058	0.5051284083826363	1.5130561658993895	1.4544296397705572	1.5130561658993895	238	29
192	tau.SUVR.Schaefer200.ROI.idx.192	267	0.8640703169412758	0.9854118447461464	0.10093494163334506	1.422067371663149	0.346764891278507	1.2202216316313155	1.1881780067679373	1.2202216316313155	235	32
193	tau.SUVR.Schaefer200.ROI.idx.193	267	0.955223568561311	1.1242006644515157	0.11255529930639242	1.5982430706144848	0.3672303601454554	1.3860434457049728	1.3505499567355594	1.3860434457049728	253	14
194	tau.SUVR.Schaefer200.ROI.idx.194	267	0.8315708519955752	1.1642018296922767	0.12606378685812525	1.811489675209178	0.5180668997556235	1.4574700522432147	1.4620588614081491	1.4620588614081491	227	40
195	tau.SUVR.Schaefer200.ROI.idx.195	267	0.8484760493135476	1.0889017111135157	0.08787269315183038	1.4947050531090424	0.4321266674005176	1.29332416401352	1.2032400451610021	1.29332416401352	234	33
196	tau.SUVR.Schaefer200.ROI.idx.196	267	0.7076480624790208	1.1526679932569162	0.09517074277064128	1.5813628074749306	0.36523714296752213	1.3740682483722857	1.335014098152436	1.3740682483722857	208	59
197	tau.SUVR.Schaefer200.ROI.idx.197	267	0.8359535090495498	1.180708572239293	0.11137147915703527	1.7149024202393948	0.49210014120128975	1.4397973760050462	1.3829859189290803	1.4397973760050462	228	39
198	tau.SUVR.Schaefer200.ROI.idx.198	267	0.8420331095714081	1.2270713666222135	0.11502202516723901	1.917436608975145	0.495766819182091	1.4946526103378925	1.5830469709495103	1.5830469709495103	237	30
199	tau.SUVR.Schaefer200.ROI.idx.199	267	0.8276946745130759	1.1870591265461765	0.10744651597444074	1.9185911647774634	0.5340909425557473	1.4370171005564125	1.5583522983510476	1.5583522983510476	234	33
200	tau.SUVR.Schaefer200.ROI.idx.200	267	0.86889886336215	1.1539357374337536	0.11104862471639315	1.8687499190405277	0.47761729410691117	1.4122734694578944	1.5466019496490286	1.5466019496490286	241	26
