ROI,FDG_mean_raw,FDG_mean_norm,amyloid_mean_raw,amyloid_mean_norm,epi_hazard_FDG_pos,epi_hazard_FDG_neg,epi_hazard_amyloid_pos,epi_hazard_amyloid_neg
1,1.6845873456790121,0.7201309101959457,52.8009622036226,0.5791900251727364,0.8875234138933271,1.3447042904566804,0.9669227261878778,0.8048868383257816
2,1.5875540123456788,0.6210252593505367,21.15864828496835,0.27322855071348445,0.9418126959283312,0.9971894041949261,1.199256521428809,0.46429133390587285
3,1.854861728395062,0.8940418018624631,34.84211219214659,0.405539127099052,0.8062436572822318,2.8737903467431796,1.0865716409086181,0.5651646280052676
4,1.599181172839506,0.6329007383085383,36.11590314165217,0.4178558924931851,0.935063683521975,1.016995496778004,1.0770358464784069,0.5888115157654052
5,1.5165666666666666,0.5485218540399229,42.231880104183006,0.47699358179193085,0.9860540231935547,0.8353361395145562,1.0339351117304432,0.6462954672376123
6,1.6440259259259262,0.6787032299777037,49.46244699508445,0.5469086617321574,0.9097618674310926,1.1661790648062282,0.9873427179351663,0.7454803794238638
7,1.5015604938271605,0.5331951979840182,43.32364405368858,0.4875502594296954,0.9953652082781586,0.8079577757203578,1.0262526159579346,0.6625555587882949
8,1.7097021604938272,0.7457820960573421,15.939613184362035,0.22276373076570194,0.8746113260355411,1.4643575894815242,1.248934581296411,0.42918759930858985
9,1.2239160493827161,0.2496211680601567,8.225148119962517,0.14816965677237848,1.2212931558614568,0.5019489458545028,1.3296293322808428,0.39220340394091185
10,1.7816870370370368,0.8193043362583853,42.59086985477115,0.48046478916595775,0.8390983750322851,2.015283211253646,1.031394649885555,0.6423600041292988
11,1.740585185185185,0.7773246820633043,65.93696710963411,0.7062070138758869,0.8590819419374273,1.6942536807277522,0.8950253892776714,1.1355694633113647
12,1.5953145061728393,0.6289514921738535,20.511559299083842,0.266971603110457,0.9375360186344119,1.003127579192796,1.2055093457216581,0.45325661965910835
13,1.5204638888888888,0.5525023082977985,78.53921432054398,0.828062897995564,0.9838437585420339,0.8760499018665012,0.8355613574041749,1.9133454283293072
14,1.4044694444444443,0.43403059846147085,20.268812188283,0.26462438968819324,1.065646981758034,0.6934137057740611,1.2082493852562666,0.45025763516301537
15,1.5524503086419754,0.5851718543078717,31.06760917577416,0.36904203301139815,0.963983148574592,0.9487159107732894,1.116048306239473,0.5230626331498884
16,1.5040753086419754,0.5357637210926878,27.884948711340204,0.33826768790804246,0.9949502839641665,0.8438994866724425,1.1416849529741826,0.49903852880900584
17,1.4487617283950618,0.47926882204466165,25.073263005604122,0.3110804377450303,1.032859500458074,0.7473525510622572,1.1653032464420012,0.4789236912366996
18,1.4959111111111112,0.5274251627629718,32.28781797065969,0.38084069233167084,1.0004204196900166,0.8299478138707365,1.1065241045705378,0.533288047034361
19,1.4461197530864198,0.47657042270614774,21.482267091406385,0.2763577430802333,1.0345794137987614,0.7442007695958001,1.1968675440549548,0.4548167956144674
20,1.549023765432099,0.5816721312405609,32.342881898226956,0.3813731262273496,0.9658890294925547,0.9377166875038899,1.1059296031374195,0.5314889514204463
21,1.306791049382716,0.33426610945981244,22.157280947745924,0.28288470679398103,1.1422425610588036,0.5978576551245177,1.1891536358668597,0.4604905499086888
22,1.6186280864197533,0.6527629749348335,49.83938879180613,0.5505534542149946,0.9231890897237076,1.1360135596207261,0.9845043854850667,0.7325824803684209
23,1.4541962962962964,0.4848194547026702,75.70365722626858,0.800644826368178,1.0278632945498514,0.765433839001705,0.8478776930357281,1.6589255122996782
24,1.5027552469135803,0.5344154671241336,35.782192072815256,0.41462911423268245,0.9949530589107595,0.8478384461048587,1.079467603684874,0.5562679586204943
25,1.487276543209877,0.518606188476259,63.73331080779604,0.6848990294773655,1.0050195801791406,0.8167355985065542,0.9061518656243248,1.0488196258868303
26,1.551514814814815,0.5842163813645265,61.57368060989232,0.6640167500923613,0.9639800416240566,0.948956117231479,0.9178583429399683,0.9903146004450939
27,1.5787219135802468,0.6120045355805702,41.92449016471895,0.4740213124644049,0.9474946351005423,1.017918364915421,1.0362351448369918,0.6263229628588067
28,1.6077543209876541,0.6416569811153023,40.53325228324695,0.46056890836295283,0.9304997902385778,1.0924551959268858,1.0458789342285078,0.607130987118873
29,1.4735401234567904,0.5045764033173922,51.195717264808835,0.5636683060718407,1.0144189320743076,0.7789587129430587,0.976306899710086,0.7815678637345145
30,1.5844160493827157,0.6178202796689161,64.08575667142283,0.6883069615388304,0.9437417212245447,1.0024470529166507,0.9044738508841184,1.1016308933804912
31,1.5632194444444443,0.5961709839479913,64.64885571562458,0.6937517786995941,0.9563546092638973,0.9565771121993394,0.9014564515166892,1.1044012158390868
32,1.6678243827160493,0.7030099446733563,89.53978807122775,0.9344315969886146,0.8972086288316202,1.2767735305831605,0.789732870461561,3.711581743755898
33,1.4925851851851855,0.5240282058386933,37.67809867522905,0.4329613506488562,1.002518973167143,0.7965922280070911,1.0660995954033716,0.5870638192394726
34,1.458910802469136,0.48963464744750657,41.11914585951457,0.4662341344564644,1.0259202048704148,0.7484412879689353,1.0420854099673167,0.6252665761634973
35,1.5384475308641974,0.5708700225801802,55.55281642572155,0.6057987421412494,0.9729454476800287,0.9118215292877362,0.9515646541803008,0.8406308021347381
36,1.522554938271605,0.5546380157181762,81.4634740304114,0.8563386686877117,0.9832369523263248,0.8756376797093726,0.8231934396312807,2.22544996298054
37,1.4307524691358025,0.4608749433761703,33.79976281473902,0.39546025760697956,1.046059801390755,0.7193358182515804,1.0949459376433388,0.547441087241275
38,1.3830842592592592,0.41218869503075245,25.526854982747743,0.3154663897486205,1.0818532024318486,0.656070637434923,1.161331034785226,0.4844850668443605
39,1.707176851851852,0.7432028550073749,70.02485765059389,0.745734370204993,0.8766049817540316,1.5084313772624962,0.8752048507518945,1.3090173478668667
40,1.4755003086419753,0.5065784517051141,42.76109753797602,0.4821107848754068,1.0139951431409906,0.7934054803025378,1.030713408546834,0.6340049016269562
41,1.1176484567901233,0.1410840441062196,27.050417669204137,0.3301982923262156,1.3363179713357622,0.46027949586633293,1.1471684177528865,0.49005147134910304
42,1.4164685185185184,0.4462859338684106,73.80722946336286,0.7823075506545323,1.0557644634202463,0.7208179555848105,0.8568654487013543,1.466498037607104
43,1.5968351851851852,0.6305046479613371,42.5118337109003,0.47970055886420215,0.9368500483336502,1.0729941169739945,1.0323669557472894,0.618951465275513
44,1.490681172839506,0.5220835299602709,85.61161917653922,0.8964486495330769,1.0035249899266436,0.8076713756375065,0.8054213739536664,2.9801044075454666
45,1.488566975308642,0.5199241800223247,73.47376014737104,0.7790831099935215,1.0048772617700321,0.8137806059579263,0.858545244088529,1.4792500454075599
46,1.5292009259259258,0.5614259401289492,23.066301543006336,0.2916743699758426,0.9783780363507919,0.8936812154923873,1.1827203401011763,0.4606351732217905
47,1.431253086419753,0.46138625222279056,39.69797864575484,0.45249233234638764,1.0450866014933828,0.7244154621863429,1.051549543159569,0.592385183255709
48,1.6510361111111111,0.6858631299982252,74.34088458030337,0.7874676633710547,0.906234606438753,1.2424537388710397,0.8546462561174747,1.4837929168026904
49,1.490687037037037,0.5220895193980551,87.2779824600348,0.9125613449735485,1.0030155766940347,0.8275476070976755,0.798407565799324,2.7211885646029415
50,1.3623080246913581,0.3909687474288763,77.7882789110227,0.8208018201328182,1.0979923817914046,0.6424880603636052,0.8388180692238271,1.70120334448785
51,1.4209904320987654,0.45090442086707505,49.67180238842454,0.5489329980369232,1.0504826549731514,0.7338976139392279,0.984746603188167,0.7525343026334498
52,1.418455864197531,0.44831572281008025,48.800665707610506,0.5405096487204794,1.0535247144354114,0.7226796096299223,0.9908904806246466,0.7324172356278602
53,1.0532558641975307,0.07531623443416027,-6.009674763785548,0.010527782370448217,1.3963717843268972,0.4806393807988186,1.4878888104477153,0.3906003145392873
54,1.2759873456790123,0.3028045384807191,34.623851215308996,0.4034286793466587,1.1676713942908434,0.5904781798286456,1.0852921420308348,0.605215876422802
55,0.9832919753086419,0.003858143633653076,-5.020421194250518,0.020093248458899458,1.5070961846181317,0.4177730013950955,1.486929893758082,0.3658485706568236
56,1.0137024691358025,0.034918107047645384,20.160971614253206,0.2635816384810119,1.3723686744067947,0.5832439304787161,1.1689490403476277,0.6780194316970263
57,1.4686,0.4995307748346519,47.99133009877015,0.532683877291444,1.0178831550972702,0.7763416818711772,0.9961190941846509,0.7181178600791359
58,1.684220061728395,0.7197557822505215,65.86471477088155,0.7055083787458931,0.888659009663737,1.3606780232238234,0.895858955717774,1.120980078843735
59,1.5825867283950619,0.6159518903138498,53.22033652810665,0.5832451137796997,0.945950426888635,1.0090723996366249,0.9652096871283778,0.7944832581648632
60,1.5796256172839507,0.6129275394664545,77.54363789663945,0.8184362938420946,0.9474913143509678,0.992266054637508,0.8402254119838226,1.8270876642422091
61,1.5580885802469135,0.5909305411204849,46.851954955798256,0.5216668290565364,0.9604301468186314,0.9472307185261675,1.0040395802701567,0.6871182170606989
62,1.659647222222222,0.6946581465338018,69.40356773075378,0.7397268835076032,0.9017529799090388,1.2744945991347705,0.8782322524076167,1.2333931252325605
63,1.7088033950617283,0.7448641359085392,76.82373704439301,0.8114753008254638,0.875691799605393,1.5074978489227635,0.843346318701352,1.6780394848311024
64,1.646278086419753,0.6810034893203595,65.57978008815485,0.7027532377699278,0.9091688653884331,1.221650543992102,0.8973526593955398,1.1105491665474616
65,1.713073765432099,0.7492257075496235,68.565840107205,0.7316265789737706,0.8734400426240706,1.5408382619537155,0.8822099868155521,1.2178321711103628
66,1.1754675925925928,0.20013800925588818,70.41365258674905,0.7494937751661516,1.2724235737572966,0.48664338790856765,0.8729387326564167,1.2972888642888762
67,1.4497632716049385,0.48029175497146986,43.85618725694776,0.4926996206332189,1.0312986509196462,0.7559081711113365,1.0228552901111103,0.6653926514067472
68,1.5344061728395066,0.5667423542462439,45.18854104720464,0.5055826522350274,0.9753117127215072,0.8976332046800425,1.0147468912637323,0.653326620411021
69,1.5772518518518521,0.6105030780981708,36.0217622763231,0.4169456089394286,0.94880664212046,1.0040946974764842,1.0782249994968909,0.5561292090777215
70,1.601376543209877,0.6351429946747597,56.56226168628426,0.6155594493101898,0.9344569563969737,1.0793726171587743,0.9456357905004892,0.8386128670657992
71,1.705333641975309,0.741320280141767,83.22583365638926,0.8733795889907542,0.8776204077206466,1.4686411878712142,0.815587211631792,2.0604712165567354
72,1.7915163580246916,0.8293435796852141,71.43350149834554,0.7593550791630684,0.8349094356335212,2.1354562249715703,0.8681262371332037,1.3605614392579304
73,1.5684910493827162,0.601555173282316,48.54762516737754,0.5380629042445009,0.9537474657811097,0.9556333756363262,0.9930950357160336,0.7160413053374947
74,1.5641623456790124,0.5971340224969587,82.44191290962645,0.86579956345421,0.9562152666593208,0.9548805568218709,0.8185339077614436,2.1549110029928404
75,1.5209015432098767,0.5529493094966319,57.141215125624,0.6211575686006762,0.9835989400189191,0.8709631598170692,0.9421172413337596,0.8606571556398116
76,1.6328259259259261,0.6672640342772374,71.91067699852725,0.7639690691508664,0.9164647462818092,1.1660891380632825,0.8660511146458244,1.3721333514893888
77,1.8391598765432093,0.8780046093452245,82.21585324638986,0.8636137072599557,0.8130747422939085,2.6703358244316227,0.8193893719932877,2.1686877924149672
78,1.7731904320987653,0.810626271376382,62.39488763974905,0.671957310771242,0.8435709366864581,1.97550583064282,0.9135150687556378,0.9816596500706747
79,1.771031172839506,0.8084208973375686,80.31235786066217,0.8452080920340641,0.8445441221927388,1.9574309857347314,0.8277006910078026,2.0446166385021796
80,1.4365052469135804,0.46675058184235746,77.82254640479698,0.8211331654619921,1.0404874754667923,0.7640162124678757,0.8383701265078805,1.5331918884733446
81,1.552626851851852,0.5853521679085294,55.42788534565729,0.6045907363816039,0.9631834437144949,0.9516899516598049,0.9517299977320128,0.8060205620624882
82,1.4446873456790124,0.47510742371899317,83.53646211776297,0.8763831728087783,1.0350636879222472,0.754681445214953,0.8138208164138361,2.114186099578532
83,1.2158404320987657,0.24137308176433728,24.994330431172656,0.3103172088952692,1.2240160704915815,0.5435495256431195,1.161600474532086,0.505799489054057
84,1.4017651234567898,0.43126852194230497,41.34068784583899,0.46837630752777354,1.0652310109151448,0.708984055236034,1.0389047065765784,0.6454155050701729
85,1.4090716049382717,0.4387310461877071,47.06534235059197,0.5237301523049545,1.0594680274380717,0.7145567686383898,1.0011763435760057,0.7016397965685011
86,1.528485185185185,0.5606949134857233,74.46836751060574,0.7887003439336702,0.977491704807719,0.9095693500853221,0.853289591414591,1.5473341185809122
87,1.5157626543209877,0.5477006705963683,51.24062507289176,0.5641025366155079,0.9864672713175248,0.8681812241487741,0.9762650198137808,0.7435836581498649
88,1.4768651234567902,0.507972414540968,52.192859328366765,0.5733100489859602,1.0126642883732158,0.8095018350859223,0.9706652952924373,0.7470243478408451
89,1.430294444444444,0.4604071367618762,30.070033302124976,0.3593960954237952,1.0460007512582996,0.7449981667624809,1.123684773188178,0.5055017696636811
90,1.5900018518518517,0.6235253767750406,61.952366747317484,0.6676784092637399,0.9408405334287586,1.045575879049481,0.9158976678406626,0.9667239808563419
91,1.4700459876543206,0.5010076440987798,16.73137069844883,0.23041953296294185,1.0178505840601537,0.7937528465164392,1.2416819282330398,0.41975913602412396
92,1.4007484567901238,0.4302301425706859,37.72495816783658,0.43341445276671875,1.0663116227138119,0.7012355428239198,1.0645840027627995,0.5662749241706925
93,1.5720984567901235,0.6052396232202306,80.84950651737658,0.8504019851050528,0.9514469165645463,1.008225839689255,0.825405782367097,1.7990530142982588
94,1.5723250000000002,0.605471004658837,57.583871449266496,0.6254377796436658,0.9503942646870849,1.019984588429856,0.9390997376430736,0.8727028979056808
95,1.5765793209876542,0.6098161841544062,46.58352481473903,0.5190712767224396,0.9486526325018325,1.0245332172072805,1.0054056587991511,0.6684137235955605
96,1.4731404320987653,0.5041681758473713,40.60572460015684,0.4612696705447652,1.0153035917998854,0.7689876235113752,1.045097278088787,0.6167865793896633
97,1.5267679012345678,0.5589409539156893,57.47507057081652,0.6243857428906459,0.9792715604496929,0.862296137260267,0.9399611536258013,0.8854437296289266
98,1.1879333333333333,0.21286997781701375,17.420896673718037,0.2370868198312055,1.2541854806758514,0.504136118139872,1.2312170197931673,0.4704036504241658
99,1.5233388888888888,0.5554387089798378,65.82961751372339,0.7051690101214242,0.9810149511962718,0.8871373765922949,0.8952401905097601,1.1228942206203594
100,1.5713228395061731,0.6044474412648938,84.31218737220513,0.8838839530372584,0.9512059185950807,0.9934374405778067,0.8103468071803798,2.4874958405275662
101,1.6481061728395061,0.6828706177411559,52.477009239886776,0.5760576017129708,0.9071024763236486,1.1903003974125266,0.9687981236844744,0.8001413980532197
102,1.5246429012345677,0.5567705708028775,48.66791245110266,0.5392260073848669,0.980653038697241,0.8656398758228603,0.9920208438450462,0.7387148435548712
103,1.8018969135802474,0.8399458302637468,32.60481658147008,0.3839058715285659,0.8299609798095559,2.0563233568652723,1.1035541903286161,0.5505772039777495
104,1.5829777777777778,0.6163512912439778,31.50936522888893,0.3733135389989111,0.9445387182789291,0.9831403213144428,1.111864822591357,0.544649606082035
105,1.5727512345679011,0.6059063422156693,49.19347843396516,0.5443079032113108,0.9507841302005786,0.9568497101492902,0.9888465763413951,0.7491973425653792
106,1.6284462962962962,0.6627908699532287,36.277768080274676,0.41942102566933387,0.918505503639854,1.1000833507746104,1.0760505592684289,0.5815111701793912
107,1.6821895061728396,0.7176818606093905,15.925349431516942,0.2226258091565862,0.8888461262336211,1.323498191227621,1.2490038840669426,0.42852453575215
108,1.3324601851851852,0.3604834548085885,16.633326022244326,0.22947150198861022,1.1219125520147026,0.5876122027276053,1.24180456467452,0.4332493864568863
109,1.9586043209876545,1.0,40.10163403970698,0.4563954286820263,0.7633794851302257,7.209754163473827,1.048515391300805,0.6136408347191462
110,1.6741006172839505,0.7094202192701647,52.36904524273665,0.5750136570810616,0.8929332130860581,1.2970407399192367,0.9693998410112278,0.7903718198966072
111,1.7561617283950615,0.7932338897521031,45.33997831553278,0.5070469563319046,0.8514582996188794,1.80872470233601,1.0133099716760108,0.671878762990755
112,1.4571518518518518,0.48783813134584864,9.280365491823348,0.1583729517589446,1.0265441996917068,0.7305023697859686,1.3185931686065517,0.3944082248035891
113,1.448680864197531,0.47918623084995493,24.291848007402024,0.30352464123693934,1.033080962129298,0.7557292343721962,1.1721594772077246,0.47545009865054133
114,1.593943827160494,0.6275515399002161,39.780452261308646,0.4532898008590792,0.9386665857898571,1.0525840373972761,1.051195877592157,0.6018006150222803
115,1.5776141975308644,0.6108731623065137,65.55653356379703,0.7025284583531363,0.9483123346610381,1.0113171876763867,0.8972532020567181,1.1148192694143109
116,1.5713327160493826,0.6044575287390561,36.86854773670218,0.4251334971158208,0.952353169122975,1.0008002130167277,1.072099798694427,0.5785243395111539
117,1.4535521604938273,0.48416156224712364,44.003459122295965,0.49412364787674284,1.0296804588632884,0.755182014136419,1.022650679960153,0.6554933494825932
118,1.4873626543209877,0.5186941386416144,26.330908577243083,0.3232410873876267,1.0060328617755239,0.8133643244735135,1.1545729414690478,0.48893719144379666
119,1.453111419753086,0.4837114087126141,27.07702901847637,0.33045560750492264,1.0296913083330401,0.7556015276798062,1.148275710053756,0.49332627394851
120,1.495872839506173,0.5273860738005914,32.90282960838132,0.3867874719499584,1.0003689051171305,0.8306829418418352,1.1017204698393634,0.5402394478546318
121,1.381568827160494,0.41064089821391825,19.27099956731634,0.25497616290143377,1.083015718116207,0.6592330596012083,1.2173246628411347,0.4429494857214618
122,1.42910987654321,0.4591972703294916,9.662807558556322,0.16207092842821347,1.0470415989592563,0.7234346593412024,1.3147197752148727,0.3920209686599644
123,1.4923830246913583,0.5238217278519262,22.2205338134384,0.2834963226227348,1.0026400210596047,0.8274176326846089,1.190338119047097,0.45982583104538005
124,1.5291175925925926,0.5613408270657019,35.489930512805316,0.4118031269152478,0.9770342484783118,0.9037142193299254,1.0811421305284463,0.5585367496508205
125,1.4813533950617281,0.5125565410807653,29.194306104986328,0.350928358672639,1.0088883715953993,0.8094044952062405,1.1300869812586805,0.5009450090360569
126,1.4238453703703706,0.4538203313672218,64.63004458831742,0.693569886810716,1.0500333913820024,0.721898873049931,0.9016145382112911,1.0838561780036318
127,1.516841358024691,0.548802411915072,81.21306254128493,0.8539173454990334,0.9856611285059304,0.8739235247533672,0.8236579504913909,2.193817201971609
128,1.5302401234567904,0.562487331551003,31.654595143603085,0.3747178218511628,0.9771792931467567,0.9037486813601249,1.1108758581632485,0.5205726261822837
129,1.4886253086419752,0.5199837591665979,45.677315753418895,0.5103087993232636,1.0044716147426735,0.8224685238577272,1.0111141853195762,0.6738186152041035
130,1.587852160493827,0.6213297749768221,41.40662542371326,0.46901388285177,0.9420984411251678,1.045380119925773,1.0398049847483968,0.621273381789959
131,1.5020824074074073,0.5337282579468016,62.14454319350458,0.6695366358454905,0.9955433322204728,0.8228758950995234,0.9146603043520437,1.032643224333057
132,1.5826768518518517,0.6160439385155838,73.82381777983285,0.7824679493465813,0.9443427606090514,1.0109879319814878,0.8564466039263278,1.5442159497790555
133,1.624329320987654,0.6585859693952334,72.49375405671059,0.7696070612681231,0.9209229755244991,1.1068109191954136,0.8631221714815673,1.478821218067743
134,1.5136845679012345,0.5455782029858292,32.66908629741982,0.38452731966619613,0.9885088968982186,0.831524797222289,1.103395590461794,0.5394227498927682
135,1.5728984567901232,0.6060567086274065,72.26887175573322,0.7674325894338663,0.9515100863475481,0.9753656645621955,0.8644647222562923,1.4413211554794967
136,1.495633950617284,0.5271420830192819,50.070267750148226,0.55278590999233,1.0006064331342444,0.8075336757342468,0.9839260108711984,0.7483259057720683
137,1.4970104938271604,0.5285480247307037,44.23325863137159,0.49634566605175817,0.9997696898322765,0.8320807177471561,1.0211202716343974,0.6546055574786254
138,1.5259243827160494,0.558079420575484,80.17001588960083,0.8438317337988439,0.9810618323693941,0.8807973223339407,0.828777082719676,2.0833360273959807
139,1.4598583333333333,0.49060241449998737,32.08762263902224,0.3789049281203329,1.0247798138591726,0.7511924543371938,1.107774417488558,0.5318609968555105
140,1.373841049382716,0.4027480801487649,25.675066283973763,0.31689950075217144,1.0892872712345085,0.6500507252347519,1.1601927624870636,0.48487710158597586
141,1.6870567901234566,0.7226530939701804,60.612427916875475,0.6547220350459381,0.8869804183572809,1.4017028651065482,0.9233048908797938,0.9667127570348083
142,1.4722240740740742,0.5032322473852164,55.8061302158828,0.6082481287739036,1.015940718126624,0.7856828262911878,0.9497065009235609,0.8384057357691658
143,1.6285237654320992,0.6628699935786926,45.261515999923496,0.5062882745921614,0.9186275343261263,1.1636296500310956,1.0141306276325242,0.6610680591890044
144,0.9795145061728395,0.0,16.37233624589255,0.22694789334871537,1.5160494629080818,0.4157279189365095,1.2403031610541173,0.457163756554024
145,1.1568533950617286,0.18112627279493346,26.850500614903506,0.32826521888346366,1.290585402693444,0.48393812186944507,1.1486562575024728,0.4913195368425908
146,1.462990740740741,0.4938017199773916,53.576809728764616,0.5866919876827559,1.021897231142756,0.7825157990490629,0.9623692566091506,0.7801764700027131
147,1.5015904320987654,0.5332257756400738,72.66715714786835,0.7712837611954044,0.9961167931101632,0.8358181952218522,0.8623032058648754,1.4328165354433136
148,1.5248172839506173,0.5569486777685624,80.24311197148214,0.8445385273995613,0.9809472007411637,0.8808970528590548,0.8280432510655187,2.081706601721038
149,1.5253586419753085,0.5575015974461035,81.58879504808446,0.8575504449012514,0.9806980216554482,0.8708297539206777,0.8222929122956427,2.271072194130275
150,1.5073481481481483,0.5391064578433422,20.274965358759065,0.2646838870156104,0.992491214906214,0.8501144958898007,1.2079193842451867,0.4416521587814661
151,1.5069663580246913,0.5387165139202413,47.64081316653596,0.5292945967955546,0.9926134918093014,0.8475519417532176,0.9987837969025166,0.6894242159542682
152,1.6774095679012344,0.7127998383482262,71.84109562475375,0.7632962605892242,0.8920185441529677,1.3498120543856393,0.866382451354939,1.342401360816576
153,1.6790450617283952,0.7144702610228509,78.7344440846738,0.8299506482607643,0.8911128611205944,1.3552249727294488,0.8348222704220225,1.8043847100078605
154,1.4445274691358025,0.474944132730985,56.86318325358148,0.6184691735061997,1.0345465620310086,0.7607035318775476,0.9431840776746009,0.8382794448229371
155,1.518315740740741,0.5503082826674184,96.21650724998565,0.9989913143890169,0.9846830664451688,0.8812387576633004,0.7638540394121821,4.420899463981908
156,1.5042666666666666,0.5359591659045894,83.3519927706329,0.8745994690763159,0.9943192866417009,0.8426522338287173,0.8147504062109794,2.272192175751517
157,1.4351793209876544,0.46539633843601913,57.67327506935332,0.626302256985433,1.0417910442197182,0.7428330919603,0.9389147463475217,0.9017534459470987
158,1.4181003086419754,0.4479525737402243,41.94711631834439,0.4742400932824696,1.0527822983020794,0.7248745071265791,1.0347813243128507,0.6263915907368404
159,1.431127160493827,0.46125763692721633,57.89066388441749,0.6284042714765025,1.0443666624677932,0.7364796887403046,0.9375095924862336,0.8729704081549895
160,1.5575996913580246,0.5904312111494328,53.019370896046524,0.5813019012428788,0.9602335155715309,0.9550793576613,0.9658262915353969,0.7631129910470713
161,1.008166975308642,0.029264393013037078,1.0921661960866862,0.07919816270494781,1.4356202169698233,0.4892400632088059,1.3812435507318763,0.46636030822051766
162,1.250964197530864,0.2772469769888951,29.83922376910277,0.35716431094607737,1.191515744028485,0.5651516145812477,1.1226083907868867,0.5433780278924607
163,1.0175574074074076,0.03885537430676218,-7.098450385689416,0.0,1.4560520133448092,0.43329288573800223,1.5150423133952127,0.3645679869847871
164,1.364903086419753,0.3936192312651174,34.268498051508146,0.3999926355026536,1.0942952253793976,0.6391151072324809,1.0898529811787585,0.5714444314747527
165,1.6403441358024695,0.6749428087500015,55.58858082698008,0.6061445616337917,0.9123475983953734,1.1722302564444185,0.9512244215363802,0.8358309609527892
166,1.5686086419753087,0.6016752772715651,61.94518545781612,0.6676089706654754,0.9544384668734801,0.9711878467096442,0.9164060420455373,0.999668872894776
167,1.593162037037037,0.626753053273527,52.082260175621144,0.5722406240401428,0.9392926537161531,1.035876136159992,0.9717348310508213,0.7702152660970137
168,1.640324074074074,0.6749223185681081,57.959199556548015,0.6290669687543318,0.9121446083946733,1.2027171807556845,0.9377578998133413,0.8807783397128514
169,1.7057052469135807,0.7416998213571376,80.67720331646997,0.8487359204316866,0.8770954079450946,1.4900555752069233,0.8262458679756042,2.056134935368649
170,1.130729012345679,0.15444395793397178,71.15544425583842,0.7566664387519955,1.322700182188134,0.4595776578088088,0.8693477910383319,1.3408030152374315
171,1.408304012345679,0.43794706030512703,42.17670952475949,0.47646011663920573,1.0604452526960062,0.7067693797389035,1.0333632587708366,0.6390366186527507
172,1.4526166666666667,0.48320608930377823,46.43338806233383,0.5176195478048102,1.0290203122609818,0.7549011705727879,1.0059358406003223,0.6940141722030352
173,1.5077216049382716,0.5394878904601179,38.63962026102175,0.44225866572100386,0.9923047823718911,0.842879656477033,1.0590933949385968,0.5756168938521598
174,1.6078253086419751,0.6417294848358466,50.544666073905475,0.5573730464132286,0.930867208796614,1.0793237859934526,0.981083123140161,0.734594916240496
175,1.647361111111111,0.6821096439090095,53.82601118627469,0.5891016106190933,0.9083416007742156,1.2181444235204506,0.9613869550886747,0.7809478296666024
176,1.6318453703703704,0.6662625372330246,46.58024895256584,0.5190396011748418,0.9168319091194365,1.159981544165552,1.005611859648338,0.672734312181147
177,1.5762552469135802,0.6094851889084437,73.24692225822925,0.7768897288393029,0.9488451796911131,1.0113966939303807,0.8594865248667067,1.3970527169318696
178,1.7247021604938269,0.7611024474418949,84.86971560275806,0.8892749038985375,0.8675086347056937,1.5863429506712368,0.808581355131227,2.3404978850427476
179,1.5311083333333335,0.5633740835766149,35.85786626762045,0.4153608365801896,0.9768642473432165,0.8995247274292939,1.0791022388262546,0.5474470983204238
180,1.5782154320987651,0.6114872372961656,52.816712077998595,0.5793423166517672,0.9479324188422872,0.9990974153744742,0.9671559056063502,0.7769856728401895
181,1.8221055555555552,0.8605860633348364,80.84442260365702,0.8503528268247305,0.8207953110394032,2.539973226475087,0.8253789424062035,2.122240234723661
182,1.7306416666666669,0.7671688022164703,67.21747390182277,0.7185887172873481,0.8642612452039123,1.6277959722465443,0.8886968084597154,1.1694916363734917
183,1.5802929012345677,0.6136090744395696,79.3197875602586,0.8356105552231767,0.9464303111380147,0.9995944444967364,0.8319934772367851,1.858552058277813
184,1.5743015432098764,0.6074897604256407,69.07556806118623,0.7365553309220044,0.9497549470124013,0.9942918666121737,0.8793018559837124,1.2253962885404295
185,1.6326768518518515,0.667111776464094,69.34578785377656,0.7391681880721342,0.916394439459314,1.162291339962246,0.8783227580268512,1.2455270834941536
186,1.8229219135802466,0.8614198561210946,77.35851270803128,0.816646248530879,0.8203048467953118,2.5344195064539776,0.8405806038242809,1.7394743672893394
187,1.4272783950617285,0.45732667433945173,90.95088836463096,0.9480760582467086,1.0476423800443497,0.7312028775196617,0.7838593520953859,2.9822363975240442
188,1.1517145061728393,0.1758776338946695,70.56348513407801,0.7509425626100978,1.2988299279356632,0.4816357694633529,0.8722834572612752,1.228510297191173
189,1.4961898148148147,0.5277098186744994,57.63567709450491,0.625938707977896,0.9994975853461009,0.8366919915046014,0.9391960570188466,0.8481906934860481
190,1.551204320987654,0.5838992563955371,46.04210423900694,0.5138360768543317,0.9630545020273499,0.957900466155202,1.0081793921202247,0.6711650818682113
191,1.1918817901234569,0.21690276084710827,23.644485336552993,0.29726504727070663,1.2497255687569793,0.5203486036993191,1.1740509686356047,0.48751150740266325
192,1.4656209876543207,0.4964881404403368,35.167892759941104,0.4086892223521624,1.02082960948646,0.7875999053444319,1.0843984244215636,0.5411047513180183
193,1.5690787037037037,0.6021553779949946,45.63249202786758,0.5098753818053255,0.9527419584578648,1.0016761123990223,1.0112293665706378,0.6517517140975079
194,1.48870987654321,0.5200701331641161,54.63980054876347,0.5969704470729132,1.0044958128949477,0.7987683629537905,0.9561805808492196,0.8238512629360543
195,1.5504654320987654,0.5831445872347427,57.30400565973644,0.6227316517089183,0.9642671131097528,0.9114398228998559,0.9408966774079481,0.8837715242723608
196,1.2927395061728395,0.3199144708284432,32.00805032228449,0.3781355133607862,1.1550130629897972,0.565048804705525,1.1069317387199507,0.553267231573654
197,1.3927163580246915,0.42202650420789534,56.68079244406403,0.6167055679383123,1.0727266558546547,0.6868218945595844,0.9440517072270611,0.8625389514540331
198,1.5197163580246913,0.5517388125971114,96.32082478474838,1.0,0.9831546737222712,0.8929997415527512,0.7631895240760558,4.532892508401007
199,1.5429456790123457,0.5754642365941408,74.48687045846641,0.7888792559191793,0.968480317817296,0.9248297564654929,0.8533048527919298,1.5569492738235373
200,1.5333240740740741,0.565637145358296,59.68900038899834,0.6457930657957156,0.9747934833206053,0.9033293267386533,0.9276441702945063,0.9309450691165535
